"";"Region";"aldersgruppe";"value"
"1";"0";"0-15";979281
"2";"0";"16-24";599879
"3";"0";"25-34";766613
"4";"0";"35-44";745273
"5";"0";"45-54";737773
"6";"0";"55-64";685216
"7";"0";"65-74";550096
"8";"0";"75 og eldre";486072
"9";"03";"0-15";117779
"10";"03";"16-24";75752
"11";"03";"25-34";151895
"12";"03";"35-44";114359
"13";"03";"45-54";91021
"14";"03";"55-64";72192
"15";"03";"65-74";50737
"16";"03";"75 og eldre";43975
"17";"11";"0-15";99485
"18";"11";"16-24";55757
"19";"11";"25-34";66426
"20";"11";"35-44";71524
"21";"11";"45-54";66612
"22";"11";"55-64";58443
"23";"11";"65-74";44926
"24";"11";"75 og eldre";36244
"25";"15";"0-15";47982
"26";"15";"16-24";29683
"27";"15";"25-34";32233
"28";"15";"35-44";34438
"29";"15";"45-54";34936
"30";"15";"55-64";33950
"31";"15";"65-74";30602
"32";"15";"75 og eldre";26800
"33";"18";"0-15";40171
"34";"18";"16-24";24918
"35";"18";"25-34";30934
"36";"18";"35-44";29099
"37";"18";"45-54";30647
"38";"18";"55-64";33157
"39";"18";"65-74";28347
"40";"18";"75 og eldre";25808
"41";"31";"0-15";53312
"42";"31";"16-24";32108
"43";"31";"25-34";37428
"44";"31";"35-44";39290
"45";"31";"45-54";43264
"46";"31";"55-64";42122
"47";"31";"65-74";34229
"48";"31";"75 og eldre";30399
"49";"32";"0-15";140660
"50";"32";"16-24";76660
"51";"32";"25-34";85953
"52";"32";"35-44";104130
"53";"32";"45-54";105512
"54";"32";"55-64";91951
"55";"32";"65-74";65025
"56";"32";"75 og eldre";58912
"57";"33";"0-15";46322
"58";"33";"16-24";27766
"59";"33";"25-34";33055
"60";"33";"35-44";36366
"61";"33";"45-54";37801
"62";"33";"55-64";34622
"63";"33";"65-74";28288
"64";"33";"75 og eldre";25599
"65";"34";"0-15";59438
"66";"34";"16-24";38316
"67";"34";"25-34";43461
"68";"34";"35-44";43445
"69";"34";"45-54";50227
"70";"34";"55-64";52459
"71";"34";"65-74";46474
"72";"34";"75 og eldre";42484
"73";"39";"0-15";43767
"74";"39";"16-24";25843
"75";"39";"25-34";29719
"76";"39";"35-44";33024
"77";"39";"45-54";35003
"78";"39";"55-64";34603
"79";"39";"65-74";29070
"80";"39";"75 og eldre";25403
"81";"40";"0-15";29489
"82";"40";"16-24";18103
"83";"40";"25-34";20589
"84";"40";"35-44";21339
"85";"40";"45-54";23959
"86";"40";"55-64";23917
"87";"40";"65-74";21091
"88";"40";"75 og eldre";18606
"89";"42";"0-15";59164
"90";"42";"16-24";36741
"91";"42";"25-34";40591
"92";"42";"35-44";40978
"93";"42";"45-54";42200
"94";"42";"55-64";39477
"95";"42";"65-74";32661
"96";"42";"75 og eldre";28038
"97";"46";"0-15";117674
"98";"46";"16-24";74629
"99";"46";"25-34";89316
"100";"46";"35-44";86110
"101";"46";"45-54";83808
"102";"46";"55-64";78000
"103";"46";"65-74";64074
"104";"46";"75 og eldre";57688
"105";"50";"0-15";84065
"106";"50";"16-24";56459
"107";"50";"25-34";69704
"108";"50";"35-44";61506
"109";"50";"45-54";60690
"110";"50";"55-64";58564
"111";"50";"65-74";48493
"112";"50";"75 og eldre";43475
"113";"55";"0-15";27637
"114";"55";"16-24";18957
"115";"55";"25-34";24726
"116";"55";"35-44";20876
"117";"55";"45-54";22020
"118";"55";"55-64";21476
"119";"55";"65-74";18028
"120";"55";"75 og eldre";15890
"121";"56";"0-15";12336
"122";"56";"16-24";8187
"123";"56";"25-34";10583
"124";"56";"35-44";8789
"125";"56";"45-54";10073
"126";"56";"55-64";10283
"127";"56";"65-74";8051
"128";"56";"75 og eldre";6751
"129";"0301";"0-15";117779
"130";"0301";"16-24";75752
"131";"0301";"25-34";151895
"132";"0301";"35-44";114359
"133";"0301";"45-54";91021
"134";"0301";"55-64";72192
"135";"0301";"65-74";50737
"136";"0301";"75 og eldre";43975
"137";"1101";"0-15";2893
"138";"1101";"16-24";1668
"139";"1101";"25-34";1820
"140";"1101";"35-44";1947
"141";"1101";"45-54";2020
"142";"1101";"55-64";1885
"143";"1101";"65-74";1650
"144";"1101";"75 og eldre";1338
"145";"1103";"0-15";27600
"146";"1103";"16-24";17221
"147";"1103";"25-34";21739
"148";"1103";"35-44";21545
"149";"1103";"45-54";20054
"150";"1103";"55-64";17509
"151";"1103";"65-74";13105
"152";"1103";"75 og eldre";10275
"153";"1106";"0-15";6584
"154";"1106";"16-24";4247
"155";"1106";"25-34";4886
"156";"1106";"35-44";5336
"157";"1106";"45-54";5482
"158";"1106";"55-64";4688
"159";"1106";"65-74";3910
"160";"1106";"75 og eldre";3159
"161";"1108";"0-15";17692
"162";"1108";"16-24";9047
"163";"1108";"25-34";11174
"164";"1108";"35-44";13234
"165";"1108";"45-54";11237
"166";"1108";"55-64";9402
"167";"1108";"65-74";6759
"168";"1108";"75 og eldre";5157
"169";"1111";"0-15";668
"170";"1111";"16-24";336
"171";"1111";"25-34";373
"172";"1111";"35-44";374
"173";"1111";"45-54";423
"174";"1111";"55-64";435
"175";"1111";"65-74";407
"176";"1111";"75 og eldre";331
"177";"1112";"0-15";664
"178";"1112";"16-24";341
"179";"1112";"25-34";340
"180";"1112";"35-44";397
"181";"1112";"45-54";384
"182";"1112";"55-64";427
"183";"1112";"65-74";378
"184";"1112";"75 og eldre";295
"185";"1114";"0-15";605
"186";"1114";"16-24";342
"187";"1114";"25-34";313
"188";"1114";"35-44";410
"189";"1114";"45-54";345
"190";"1114";"55-64";385
"191";"1114";"65-74";297
"192";"1114";"75 og eldre";195
"193";"1119";"0-15";4471
"194";"1119";"16-24";2296
"195";"1119";"25-34";2478
"196";"1119";"35-44";2754
"197";"1119";"45-54";2504
"198";"1119";"55-64";2190
"199";"1119";"65-74";1760
"200";"1119";"75 og eldre";1374
"201";"1120";"0-15";4476
"202";"1120";"16-24";2433
"203";"1120";"25-34";2997
"204";"1120";"35-44";3012
"205";"1120";"45-54";2822
"206";"1120";"55-64";2280
"207";"1120";"65-74";1507
"208";"1120";"75 og eldre";1373
"209";"1121";"0-15";4238
"210";"1121";"16-24";2192
"211";"1121";"25-34";2727
"212";"1121";"35-44";2827
"213";"1121";"45-54";2563
"214";"1121";"55-64";2173
"215";"1121";"65-74";1816
"216";"1121";"75 og eldre";1374
"217";"1122";"0-15";2901
"218";"1122";"16-24";1279
"219";"1122";"25-34";1595
"220";"1122";"35-44";1906
"221";"1122";"45-54";1599
"222";"1122";"55-64";1428
"223";"1122";"65-74";975
"224";"1122";"75 og eldre";679
"225";"1124";"0-15";6060
"226";"1124";"16-24";3097
"227";"1124";"25-34";3813
"228";"1124";"35-44";4491
"229";"1124";"45-54";3795
"230";"1124";"55-64";3337
"231";"1124";"65-74";2253
"232";"1124";"75 og eldre";1839
"233";"1127";"0-15";2393
"234";"1127";"16-24";1401
"235";"1127";"25-34";1500
"236";"1127";"35-44";1550
"237";"1127";"45-54";1524
"238";"1127";"55-64";1456
"239";"1127";"65-74";1001
"240";"1127";"75 og eldre";917
"241";"1130";"0-15";2965
"242";"1130";"16-24";1552
"243";"1130";"25-34";1671
"244";"1130";"35-44";1866
"245";"1130";"45-54";1787
"246";"1130";"55-64";1502
"247";"1130";"65-74";1265
"248";"1130";"75 og eldre";1095
"249";"1133";"0-15";509
"250";"1133";"16-24";275
"251";"1133";"25-34";269
"252";"1133";"35-44";333
"253";"1133";"45-54";305
"254";"1133";"55-64";337
"255";"1133";"65-74";331
"256";"1133";"75 og eldre";284
"257";"1134";"0-15";765
"258";"1134";"16-24";408
"259";"1134";"25-34";386
"260";"1134";"35-44";447
"261";"1134";"45-54";484
"262";"1134";"55-64";507
"263";"1134";"65-74";472
"264";"1134";"75 og eldre";420
"265";"1135";"0-15";837
"266";"1135";"16-24";453
"267";"1135";"25-34";469
"268";"1135";"35-44";586
"269";"1135";"45-54";579
"270";"1135";"55-64";622
"271";"1135";"65-74";536
"272";"1135";"75 og eldre";490
"273";"1144";"0-15";98
"274";"1144";"16-24";55
"275";"1144";"25-34";50
"276";"1144";"35-44";53
"277";"1144";"45-54";71
"278";"1144";"55-64";85
"279";"1144";"65-74";59
"280";"1144";"75 og eldre";73
"281";"1145";"0-15";142
"282";"1145";"16-24";107
"283";"1145";"25-34";92
"284";"1145";"35-44";94
"285";"1145";"45-54";127
"286";"1145";"55-64";113
"287";"1145";"65-74";107
"288";"1145";"75 og eldre";101
"289";"1146";"0-15";2531
"290";"1146";"16-24";1317
"291";"1146";"25-34";1332
"292";"1146";"35-44";1560
"293";"1146";"45-54";1494
"294";"1146";"55-64";1320
"295";"1146";"65-74";1064
"296";"1146";"75 og eldre";952
"297";"1149";"0-15";8608
"298";"1149";"16-24";4710
"299";"1149";"25-34";5342
"300";"1149";"35-44";5616
"301";"1149";"45-54";5867
"302";"1149";"55-64";5183
"303";"1149";"65-74";4276
"304";"1149";"75 og eldre";3704
"305";"1151";"0-15";36
"306";"1151";"16-24";20
"307";"1151";"25-34";15
"308";"1151";"35-44";31
"309";"1151";"45-54";26
"310";"1151";"55-64";40
"311";"1151";"65-74";27
"312";"1151";"75 og eldre";20
"313";"1160";"0-15";1749
"314";"1160";"16-24";960
"315";"1160";"25-34";1045
"316";"1160";"35-44";1155
"317";"1160";"45-54";1120
"318";"1160";"55-64";1139
"319";"1160";"65-74";971
"320";"1160";"75 og eldre";799
"321";"1505";"0-15";3907
"322";"1505";"16-24";2624
"323";"1505";"25-34";2939
"324";"1505";"35-44";3170
"325";"1505";"45-54";3224
"326";"1505";"55-64";3124
"327";"1505";"65-74";2982
"328";"1505";"75 og eldre";2434
"329";"1506";"0-15";5711
"330";"1506";"16-24";3567
"331";"1506";"25-34";4018
"332";"1506";"35-44";4204
"333";"1506";"45-54";4008
"334";"1506";"55-64";4175
"335";"1506";"65-74";3742
"336";"1506";"75 og eldre";3391
"337";"1508";"0-15";10501
"338";"1508";"16-24";6682
"339";"1508";"25-34";8102
"340";"1508";"35-44";7953
"341";"1508";"45-54";7652
"342";"1508";"55-64";6901
"343";"1508";"65-74";5795
"344";"1508";"75 og eldre";4923
"345";"1511";"0-15";419
"346";"1511";"16-24";267
"347";"1511";"25-34";291
"348";"1511";"35-44";292
"349";"1511";"45-54";365
"350";"1511";"55-64";463
"351";"1511";"65-74";491
"352";"1511";"75 og eldre";438
"353";"1514";"0-15";393
"354";"1514";"16-24";234
"355";"1514";"25-34";214
"356";"1514";"35-44";286
"357";"1514";"45-54";357
"358";"1514";"55-64";352
"359";"1514";"65-74";313
"360";"1514";"75 og eldre";289
"361";"1515";"0-15";1614
"362";"1515";"16-24";951
"363";"1515";"25-34";926
"364";"1515";"35-44";1110
"365";"1515";"45-54";1256
"366";"1515";"55-64";1188
"367";"1515";"65-74";1022
"368";"1515";"75 og eldre";901
"369";"1516";"0-15";1706
"370";"1516";"16-24";1026
"371";"1516";"25-34";998
"372";"1516";"35-44";1137
"373";"1516";"45-54";1295
"374";"1516";"55-64";1074
"375";"1516";"65-74";855
"376";"1516";"75 og eldre";770
"377";"1517";"0-15";1068
"378";"1517";"16-24";521
"379";"1517";"25-34";617
"380";"1517";"35-44";731
"381";"1517";"45-54";692
"382";"1517";"55-64";646
"383";"1517";"65-74";593
"384";"1517";"75 og eldre";454
"385";"1520";"0-15";2089
"386";"1520";"16-24";1181
"387";"1520";"25-34";1266
"388";"1520";"35-44";1370
"389";"1520";"45-54";1312
"390";"1520";"55-64";1351
"391";"1520";"65-74";1247
"392";"1520";"75 og eldre";1142
"393";"1525";"0-15";636
"394";"1525";"16-24";448
"395";"1525";"25-34";476
"396";"1525";"35-44";570
"397";"1525";"45-54";579
"398";"1525";"55-64";591
"399";"1525";"65-74";485
"400";"1525";"75 og eldre";563
"401";"1528";"0-15";1323
"402";"1528";"16-24";836
"403";"1528";"25-34";726
"404";"1528";"35-44";956
"405";"1528";"45-54";1041
"406";"1528";"55-64";1015
"407";"1528";"65-74";912
"408";"1528";"75 og eldre";808
"409";"1531";"0-15";2082
"410";"1531";"16-24";1039
"411";"1531";"25-34";1187
"412";"1531";"35-44";1427
"413";"1531";"45-54";1286
"414";"1531";"55-64";981
"415";"1531";"65-74";924
"416";"1531";"75 og eldre";794
"417";"1532";"0-15";1859
"418";"1532";"16-24";968
"419";"1532";"25-34";999
"420";"1532";"35-44";1198
"421";"1532";"45-54";1117
"422";"1532";"55-64";968
"423";"1532";"65-74";868
"424";"1532";"75 og eldre";714
"425";"1535";"0-15";1191
"426";"1535";"16-24";727
"427";"1535";"25-34";788
"428";"1535";"35-44";830
"429";"1535";"45-54";929
"430";"1535";"55-64";989
"431";"1535";"65-74";955
"432";"1535";"75 og eldre";738
"433";"1539";"0-15";1346
"434";"1539";"16-24";680
"435";"1539";"25-34";835
"436";"1539";"35-44";866
"437";"1539";"45-54";917
"438";"1539";"55-64";959
"439";"1539";"65-74";865
"440";"1539";"75 og eldre";831
"441";"1547";"0-15";696
"442";"1547";"16-24";437
"443";"1547";"25-34";418
"444";"1547";"35-44";491
"445";"1547";"45-54";466
"446";"1547";"55-64";404
"447";"1547";"65-74";377
"448";"1547";"75 og eldre";389
"449";"1554";"0-15";1006
"450";"1554";"16-24";622
"451";"1554";"25-34";629
"452";"1554";"35-44";705
"453";"1554";"45-54";813
"454";"1554";"55-64";801
"455";"1554";"65-74";769
"456";"1554";"75 og eldre";610
"457";"1557";"0-15";450
"458";"1557";"16-24";334
"459";"1557";"25-34";266
"460";"1557";"35-44";328
"461";"1557";"45-54";332
"462";"1557";"55-64";336
"463";"1557";"65-74";354
"464";"1557";"75 og eldre";300
"465";"1560";"0-15";480
"466";"1560";"16-24";296
"467";"1560";"25-34";283
"468";"1560";"35-44";328
"469";"1560";"45-54";420
"470";"1560";"55-64";435
"471";"1560";"65-74";402
"472";"1560";"75 og eldre";397
"473";"1563";"0-15";1177
"474";"1563";"16-24";773
"475";"1563";"25-34";834
"476";"1563";"35-44";808
"477";"1563";"45-54";877
"478";"1563";"55-64";1062
"479";"1563";"65-74";927
"480";"1563";"75 og eldre";769
"481";"1566";"0-15";994
"482";"1566";"16-24";588
"483";"1566";"25-34";666
"484";"1566";"35-44";610
"485";"1566";"45-54";749
"486";"1566";"55-64";838
"487";"1566";"65-74";783
"488";"1566";"75 og eldre";725
"489";"1573";"0-15";337
"490";"1573";"16-24";188
"491";"1573";"25-34";253
"492";"1573";"35-44";217
"493";"1573";"45-54";275
"494";"1573";"55-64";308
"495";"1573";"65-74";320
"496";"1573";"75 og eldre";261
"497";"1576";"0-15";501
"498";"1576";"16-24";335
"499";"1576";"25-34";329
"500";"1576";"35-44";381
"501";"1576";"45-54";446
"502";"1576";"55-64";508
"503";"1576";"65-74";467
"504";"1576";"75 og eldre";441
"505";"1577";"0-15";1956
"506";"1577";"16-24";1600
"507";"1577";"25-34";1463
"508";"1577";"35-44";1308
"509";"1577";"45-54";1267
"510";"1577";"55-64";1239
"511";"1577";"65-74";1154
"512";"1577";"75 og eldre";1106
"513";"1578";"0-15";370
"514";"1578";"16-24";290
"515";"1578";"25-34";206
"516";"1578";"35-44";257
"517";"1578";"45-54";300
"518";"1578";"55-64";389
"519";"1578";"65-74";338
"520";"1578";"75 og eldre";342
"521";"1579";"0-15";2484
"522";"1579";"16-24";1506
"523";"1579";"25-34";1528
"524";"1579";"35-44";1725
"525";"1579";"45-54";1709
"526";"1579";"55-64";1674
"527";"1579";"65-74";1534
"528";"1579";"75 og eldre";1277
"529";"1580";"0-15";1686
"530";"1580";"16-24";963
"531";"1580";"25-34";976
"532";"1580";"35-44";1180
"533";"1580";"45-54";1252
"534";"1580";"55-64";1179
"535";"1580";"65-74";1128
"536";"1580";"75 og eldre";993
"537";"1804";"0-15";9371
"538";"1804";"16-24";6026
"539";"1804";"25-34";8014
"540";"1804";"35-44";7171
"541";"1804";"45-54";6934
"542";"1804";"55-64";6625
"543";"1804";"65-74";5168
"544";"1804";"75 og eldre";4403
"545";"1806";"0-15";3443
"546";"1806";"16-24";2140
"547";"1806";"25-34";2779
"548";"1806";"35-44";2558
"549";"1806";"45-54";2554
"550";"1806";"55-64";3051
"551";"1806";"65-74";2723
"552";"1806";"75 og eldre";2332
"553";"1811";"0-15";229
"554";"1811";"16-24";123
"555";"1811";"25-34";110
"556";"1811";"35-44";124
"557";"1811";"45-54";159
"558";"1811";"55-64";204
"559";"1811";"65-74";233
"560";"1811";"75 og eldre";217
"561";"1812";"0-15";308
"562";"1812";"16-24";222
"563";"1812";"25-34";203
"564";"1812";"35-44";211
"565";"1812";"45-54";246
"566";"1812";"55-64";310
"567";"1812";"65-74";241
"568";"1812";"75 og eldre";235
"569";"1813";"0-15";1374
"570";"1813";"16-24";800
"571";"1813";"25-34";905
"572";"1813";"35-44";935
"573";"1813";"45-54";1037
"574";"1813";"55-64";1110
"575";"1813";"65-74";897
"576";"1813";"75 og eldre";768
"577";"1815";"0-15";176
"578";"1815";"16-24";116
"579";"1815";"25-34";106
"580";"1815";"35-44";112
"581";"1815";"45-54";163
"582";"1815";"55-64";199
"583";"1815";"65-74";168
"584";"1815";"75 og eldre";168
"585";"1816";"0-15";86
"586";"1816";"16-24";38
"587";"1816";"25-34";44
"588";"1816";"35-44";47
"589";"1816";"45-54";54
"590";"1816";"55-64";64
"591";"1816";"65-74";71
"592";"1816";"75 og eldre";76
"593";"1818";"0-15";315
"594";"1818";"16-24";147
"595";"1818";"25-34";206
"596";"1818";"35-44";261
"597";"1818";"45-54";190
"598";"1818";"55-64";288
"599";"1818";"65-74";228
"600";"1818";"75 og eldre";207
"601";"1820";"0-15";1235
"602";"1820";"16-24";745
"603";"1820";"25-34";896
"604";"1820";"35-44";895
"605";"1820";"45-54";929
"606";"1820";"55-64";1024
"607";"1820";"65-74";899
"608";"1820";"75 og eldre";798
"609";"1822";"0-15";491
"610";"1822";"16-24";177
"611";"1822";"25-34";248
"612";"1822";"35-44";304
"613";"1822";"45-54";266
"614";"1822";"55-64";333
"615";"1822";"65-74";310
"616";"1822";"75 og eldre";223
"617";"1824";"0-15";2207
"618";"1824";"16-24";1377
"619";"1824";"25-34";1710
"620";"1824";"35-44";1541
"621";"1824";"45-54";1677
"622";"1824";"55-64";1920
"623";"1824";"65-74";1532
"624";"1824";"75 og eldre";1505
"625";"1825";"0-15";211
"626";"1825";"16-24";152
"627";"1825";"25-34";146
"628";"1825";"35-44";144
"629";"1825";"45-54";176
"630";"1825";"55-64";222
"631";"1825";"65-74";180
"632";"1825";"75 og eldre";216
"633";"1826";"0-15";185
"634";"1826";"16-24";132
"635";"1826";"25-34";121
"636";"1826";"35-44";114
"637";"1826";"45-54";168
"638";"1826";"55-64";191
"639";"1826";"65-74";163
"640";"1826";"75 og eldre";210
"641";"1827";"0-15";212
"642";"1827";"16-24";159
"643";"1827";"25-34";140
"644";"1827";"35-44";136
"645";"1827";"45-54";185
"646";"1827";"55-64";205
"647";"1827";"65-74";218
"648";"1827";"75 og eldre";172
"649";"1828";"0-15";288
"650";"1828";"16-24";204
"651";"1828";"25-34";181
"652";"1828";"35-44";215
"653";"1828";"45-54";263
"654";"1828";"55-64";259
"655";"1828";"65-74";209
"656";"1828";"75 og eldre";189
"657";"1832";"0-15";728
"658";"1832";"16-24";426
"659";"1832";"25-34";540
"660";"1832";"35-44";487
"661";"1832";"45-54";560
"662";"1832";"55-64";637
"663";"1832";"65-74";512
"664";"1832";"75 og eldre";595
"665";"1833";"0-15";4306
"666";"1833";"16-24";2671
"667";"1833";"25-34";3455
"668";"1833";"35-44";3087
"669";"1833";"45-54";3250
"670";"1833";"55-64";3616
"671";"1833";"65-74";2895
"672";"1833";"75 og eldre";2714
"673";"1834";"0-15";299
"674";"1834";"16-24";165
"675";"1834";"25-34";208
"676";"1834";"35-44";222
"677";"1834";"45-54";228
"678";"1834";"55-64";265
"679";"1834";"65-74";236
"680";"1834";"75 og eldre";263
"681";"1835";"0-15";53
"682";"1835";"16-24";52
"683";"1835";"25-34";67
"684";"1835";"35-44";60
"685";"1835";"45-54";66
"686";"1835";"55-64";61
"687";"1835";"65-74";46
"688";"1835";"75 og eldre";37
"689";"1836";"0-15";185
"690";"1836";"16-24";136
"691";"1836";"25-34";106
"692";"1836";"35-44";107
"693";"1836";"45-54";159
"694";"1836";"55-64";145
"695";"1836";"65-74";159
"696";"1836";"75 og eldre";142
"697";"1837";"0-15";1079
"698";"1837";"16-24";609
"699";"1837";"25-34";687
"700";"1837";"35-44";700
"701";"1837";"45-54";763
"702";"1837";"55-64";866
"703";"1837";"65-74";751
"704";"1837";"75 og eldre";725
"705";"1838";"0-15";264
"706";"1838";"16-24";179
"707";"1838";"25-34";187
"708";"1838";"35-44";213
"709";"1838";"45-54";256
"710";"1838";"55-64";288
"711";"1838";"65-74";312
"712";"1838";"75 og eldre";259
"713";"1839";"0-15";151
"714";"1839";"16-24";73
"715";"1839";"25-34";100
"716";"1839";"35-44";123
"717";"1839";"45-54";106
"718";"1839";"55-64";172
"719";"1839";"65-74";159
"720";"1839";"75 og eldre";178
"721";"1840";"0-15";844
"722";"1840";"16-24";462
"723";"1840";"25-34";526
"724";"1840";"35-44";549
"725";"1840";"45-54";610
"726";"1840";"55-64";672
"727";"1840";"65-74";642
"728";"1840";"75 og eldre";575
"729";"1841";"0-15";1525
"730";"1841";"16-24";1003
"731";"1841";"25-34";1205
"732";"1841";"35-44";1118
"733";"1841";"45-54";1258
"734";"1841";"55-64";1354
"735";"1841";"65-74";1238
"736";"1841";"75 og eldre";1126
"737";"1845";"0-15";260
"738";"1845";"16-24";190
"739";"1845";"25-34";193
"740";"1845";"35-44";174
"741";"1845";"45-54";249
"742";"1845";"55-64";263
"743";"1845";"65-74";250
"744";"1845";"75 og eldre";279
"745";"1848";"0-15";398
"746";"1848";"16-24";245
"747";"1848";"25-34";332
"748";"1848";"35-44";295
"749";"1848";"45-54";334
"750";"1848";"55-64";370
"751";"1848";"65-74";365
"752";"1848";"75 og eldre";333
"753";"1851";"0-15";271
"754";"1851";"16-24";185
"755";"1851";"25-34";165
"756";"1851";"35-44";172
"757";"1851";"45-54";276
"758";"1851";"55-64";328
"759";"1851";"65-74";333
"760";"1851";"75 og eldre";330
"761";"1853";"0-15";162
"762";"1853";"16-24";142
"763";"1853";"25-34";126
"764";"1853";"35-44";131
"765";"1853";"45-54";176
"766";"1853";"55-64";187
"767";"1853";"65-74";206
"768";"1853";"75 og eldre";200
"769";"1856";"0-15";58
"770";"1856";"16-24";41
"771";"1856";"25-34";42
"772";"1856";"35-44";47
"773";"1856";"45-54";68
"774";"1856";"55-64";82
"775";"1856";"65-74";72
"776";"1856";"75 og eldre";50
"777";"1857";"0-15";110
"778";"1857";"16-24";53
"779";"1857";"25-34";78
"780";"1857";"35-44";82
"781";"1857";"45-54";95
"782";"1857";"55-64";103
"783";"1857";"65-74";82
"784";"1857";"75 og eldre";80
"785";"1859";"0-15";159
"786";"1859";"16-24";107
"787";"1859";"25-34";158
"788";"1859";"35-44";134
"789";"1859";"45-54";151
"790";"1859";"55-64";194
"791";"1859";"65-74";165
"792";"1859";"75 og eldre";161
"793";"1860";"0-15";2103
"794";"1860";"16-24";1269
"795";"1860";"25-34";1530
"796";"1860";"35-44";1410
"797";"1860";"45-54";1386
"798";"1860";"55-64";1505
"799";"1860";"65-74";1307
"800";"1860";"75 og eldre";1109
"801";"1865";"0-15";1593
"802";"1865";"16-24";982
"803";"1865";"25-34";1275
"804";"1865";"35-44";1294
"805";"1865";"45-54";1313
"806";"1865";"55-64";1252
"807";"1865";"65-74";1159
"808";"1865";"75 og eldre";925
"809";"1866";"0-15";1355
"810";"1866";"16-24";835
"811";"1866";"25-34";1001
"812";"1866";"35-44";944
"813";"1866";"45-54";1023
"814";"1866";"55-64";1129
"815";"1866";"65-74";1000
"816";"1866";"75 og eldre";949
"817";"1867";"0-15";350
"818";"1867";"16-24";217
"819";"1867";"25-34";266
"820";"1867";"35-44";242
"821";"1867";"45-54";307
"822";"1867";"55-64";438
"823";"1867";"65-74";393
"824";"1867";"75 og eldre";421
"825";"1868";"0-15";708
"826";"1868";"16-24";429
"827";"1868";"25-34";577
"828";"1868";"35-44";538
"829";"1868";"45-54";637
"830";"1868";"55-64";656
"831";"1868";"65-74";526
"832";"1868";"75 og eldre";498
"833";"1870";"0-15";1919
"834";"1870";"16-24";1131
"835";"1870";"25-34";1388
"836";"1870";"35-44";1284
"837";"1870";"45-54";1361
"838";"1870";"55-64";1359
"839";"1870";"65-74";1182
"840";"1870";"75 og eldre";994
"841";"1871";"0-15";681
"842";"1871";"16-24";428
"843";"1871";"25-34";519
"844";"1871";"35-44";467
"845";"1871";"45-54";549
"846";"1871";"55-64";684
"847";"1871";"65-74";597
"848";"1871";"75 og eldre";628
"849";"1874";"0-15";98
"850";"1874";"16-24";70
"851";"1874";"25-34";117
"852";"1874";"35-44";122
"853";"1874";"45-54";144
"854";"1874";"55-64";135
"855";"1874";"65-74";122
"856";"1874";"75 og eldre";146
"857";"1875";"0-15";381
"858";"1875";"16-24";260
"859";"1875";"25-34";277
"860";"1875";"35-44";329
"861";"1875";"45-54";321
"862";"1875";"55-64";391
"863";"1875";"65-74";398
"864";"1875";"75 og eldre";372
"865";"3101";"0-15";5256
"866";"3101";"16-24";3326
"867";"3101";"25-34";3868
"868";"3101";"35-44";3842
"869";"3101";"45-54";4266
"870";"3101";"55-64";4378
"871";"3101";"65-74";3673
"872";"3101";"75 og eldre";3326
"873";"3103";"0-15";8606
"874";"3103";"16-24";5258
"875";"3103";"25-34";6055
"876";"3103";"35-44";6637
"877";"3103";"45-54";7371
"878";"3103";"55-64";7171
"879";"3103";"65-74";5646
"880";"3103";"75 og eldre";5307
"881";"3105";"0-15";10735
"882";"3105";"16-24";6280
"883";"3105";"25-34";7657
"884";"3105";"35-44";7630
"885";"3105";"45-54";8315
"886";"3105";"55-64";7499
"887";"3105";"65-74";6026
"888";"3105";"75 og eldre";5629
"889";"3107";"0-15";14249
"890";"3107";"16-24";9139
"891";"3107";"25-34";10430
"892";"3107";"35-44";10490
"893";"3107";"45-54";11719
"894";"3107";"55-64";11670
"895";"3107";"65-74";9442
"896";"3107";"75 og eldre";8091
"897";"3110";"0-15";627
"898";"3110";"16-24";383
"899";"3110";"25-34";311
"900";"3110";"35-44";428
"901";"3110";"45-54";661
"902";"3110";"55-64";841
"903";"3110";"65-74";921
"904";"3110";"75 og eldre";615
"905";"3112";"0-15";1359
"906";"3112";"16-24";817
"907";"3112";"25-34";857
"908";"3112";"35-44";965
"909";"3112";"45-54";1146
"910";"3112";"55-64";1007
"911";"3112";"65-74";907
"912";"3112";"75 og eldre";825
"913";"3114";"0-15";1331
"914";"3114";"16-24";529
"915";"3114";"25-34";724
"916";"3114";"35-44";1019
"917";"3114";"45-54";839
"918";"3114";"55-64";727
"919";"3114";"65-74";569
"920";"3114";"75 og eldre";407
"921";"3116";"0-15";697
"922";"3116";"16-24";433
"923";"3116";"25-34";426
"924";"3116";"35-44";528
"925";"3116";"45-54";545
"926";"3116";"55-64";516
"927";"3116";"65-74";423
"928";"3116";"75 og eldre";351
"929";"3118";"0-15";8248
"930";"3118";"16-24";4675
"931";"3118";"25-34";5596
"932";"3118";"35-44";6230
"933";"3118";"45-54";6606
"934";"3118";"55-64";6359
"935";"3118";"65-74";4930
"936";"3118";"75 og eldre";4362
"937";"3120";"0-15";1425
"938";"3120";"16-24";823
"939";"3120";"25-34";990
"940";"3120";"35-44";1012
"941";"3120";"45-54";1158
"942";"3120";"55-64";1145
"943";"3120";"65-74";1048
"944";"3120";"75 og eldre";819
"945";"3122";"0-15";579
"946";"3122";"16-24";322
"947";"3122";"25-34";376
"948";"3122";"35-44";385
"949";"3122";"45-54";463
"950";"3122";"55-64";571
"951";"3122";"65-74";457
"952";"3122";"75 og eldre";505
"953";"3124";"0-15";200
"954";"3124";"16-24";123
"955";"3124";"25-34";138
"956";"3124";"35-44";124
"957";"3124";"45-54";175
"958";"3124";"55-64";238
"959";"3124";"65-74";187
"960";"3124";"75 og eldre";162
"961";"3201";"0-15";25899
"962";"3201";"16-24";13590
"963";"3201";"25-34";13370
"964";"3201";"35-44";18667
"965";"3201";"45-54";18875
"966";"3201";"55-64";16748
"967";"3201";"65-74";12175
"968";"3201";"75 og eldre";11597
"969";"3203";"0-15";19290
"970";"3203";"16-24";10288
"971";"3203";"25-34";9905
"972";"3203";"35-44";13843
"973";"3203";"45-54";14473
"974";"3203";"55-64";13224
"975";"3203";"65-74";9267
"976";"3203";"75 og eldre";8525
"977";"3205";"0-15";17498
"978";"3205";"16-24";10384
"979";"3205";"25-34";12921
"980";"3205";"35-44";13639
"981";"3205";"45-54";13733
"982";"3205";"55-64";11474
"983";"3205";"65-74";7495
"984";"3205";"75 og eldre";7057
"985";"3207";"0-15";12653
"986";"3207";"16-24";6871
"987";"3207";"25-34";6995
"988";"3207";"35-44";8788
"989";"3207";"45-54";9217
"990";"3207";"55-64";7795
"991";"3207";"65-74";5681
"992";"3207";"75 og eldre";5560
"993";"3209";"0-15";8785
"994";"3209";"16-24";4821
"995";"3209";"25-34";6183
"996";"3209";"35-44";6782
"997";"3209";"45-54";6478
"998";"3209";"55-64";4929
"999";"3209";"65-74";3133
"1000";"3209";"75 og eldre";2703
"1001";"3212";"0-15";4164
"1002";"3212";"16-24";1970
"1003";"3212";"25-34";1809
"1004";"3212";"35-44";2878
"1005";"3212";"45-54";3064
"1006";"3212";"55-64";2812
"1007";"3212";"65-74";2157
"1008";"3212";"75 og eldre";1667
"1009";"3214";"0-15";2617
"1010";"3214";"16-24";1652
"1011";"3214";"25-34";1520
"1012";"3214";"35-44";1751
"1013";"3214";"45-54";2437
"1014";"3214";"55-64";2611
"1015";"3214";"65-74";1886
"1016";"3214";"75 og eldre";1770
"1017";"3216";"0-15";3918
"1018";"3216";"16-24";1944
"1019";"3216";"25-34";2058
"1020";"3216";"35-44";2717
"1021";"3216";"45-54";2976
"1022";"3216";"55-64";2376
"1023";"3216";"65-74";1850
"1024";"3216";"75 og eldre";1654
"1025";"3218";"0-15";4049
"1026";"3218";"16-24";2923
"1027";"3218";"25-34";3341
"1028";"3218";"35-44";3178
"1029";"3218";"45-54";2791
"1030";"3218";"55-64";2482
"1031";"3218";"65-74";1630
"1032";"3218";"75 og eldre";1611
"1033";"3220";"0-15";2204
"1034";"3220";"16-24";1186
"1035";"3220";"25-34";1229
"1036";"3220";"35-44";1674
"1037";"3220";"45-54";1831
"1038";"3220";"55-64";1487
"1039";"3220";"65-74";1027
"1040";"3220";"75 og eldre";844
"1041";"3222";"0-15";9018
"1042";"3222";"16-24";5142
"1043";"3222";"25-34";7356
"1044";"3222";"35-44";7057
"1045";"3222";"45-54";6468
"1046";"3222";"55-64";5630
"1047";"3222";"65-74";4033
"1048";"3222";"75 og eldre";3484
"1049";"3224";"0-15";4123
"1050";"3224";"16-24";2108
"1051";"3224";"25-34";2624
"1052";"3224";"35-44";3210
"1053";"3224";"45-54";2908
"1054";"3224";"55-64";2326
"1055";"3224";"65-74";1487
"1056";"3224";"75 og eldre";1313
"1057";"3226";"0-15";3160
"1058";"3226";"16-24";1675
"1059";"3226";"25-34";1963
"1060";"3226";"35-44";2392
"1061";"3226";"45-54";2651
"1062";"3226";"55-64";2490
"1063";"3226";"65-74";1912
"1064";"3226";"75 og eldre";1815
"1065";"3228";"0-15";4627
"1066";"3228";"16-24";2328
"1067";"3228";"25-34";3033
"1068";"3228";"35-44";3503
"1069";"3228";"45-54";3477
"1070";"3228";"55-64";3293
"1071";"3228";"65-74";2495
"1072";"3228";"75 og eldre";1889
"1073";"3230";"0-15";1351
"1074";"3230";"16-24";793
"1075";"3230";"25-34";794
"1076";"3230";"35-44";997
"1077";"3230";"45-54";1161
"1078";"3230";"55-64";1062
"1079";"3230";"65-74";641
"1080";"3230";"75 og eldre";599
"1081";"3232";"0-15";5382
"1082";"3232";"16-24";2699
"1083";"3232";"25-34";2745
"1084";"3232";"35-44";3768
"1085";"3232";"45-54";4099
"1086";"3232";"55-64";3294
"1087";"3232";"65-74";2007
"1088";"3232";"75 og eldre";1888
"1089";"3234";"0-15";1631
"1090";"3234";"16-24";893
"1091";"3234";"25-34";1009
"1092";"3234";"35-44";1244
"1093";"3234";"45-54";1343
"1094";"3234";"55-64";1298
"1095";"3234";"65-74";1105
"1096";"3234";"75 og eldre";834
"1097";"3236";"0-15";1212
"1098";"3236";"16-24";636
"1099";"3236";"25-34";846
"1100";"3236";"35-44";886
"1101";"3236";"45-54";932
"1102";"3236";"55-64";1002
"1103";"3236";"65-74";803
"1104";"3236";"75 og eldre";720
"1105";"3238";"0-15";3163
"1106";"3238";"16-24";1706
"1107";"3238";"25-34";2359
"1108";"3238";"35-44";2484
"1109";"3238";"45-54";2353
"1110";"3238";"55-64";1830
"1111";"3238";"65-74";1224
"1112";"3238";"75 og eldre";1007
"1113";"3240";"0-15";5378
"1114";"3240";"16-24";2791
"1115";"3240";"25-34";3558
"1116";"3240";"35-44";4266
"1117";"3240";"45-54";3825
"1118";"3240";"55-64";3380
"1119";"3240";"65-74";2647
"1120";"3240";"75 og eldre";2071
"1121";"3242";"0-15";538
"1122";"3242";"16-24";260
"1123";"3242";"25-34";335
"1124";"3242";"35-44";406
"1125";"3242";"45-54";420
"1126";"3242";"55-64";408
"1127";"3242";"65-74";370
"1128";"3242";"75 og eldre";304
"1129";"3301";"0-15";18145
"1130";"3301";"16-24";11167
"1131";"3301";"25-34";13868
"1132";"3301";"35-44";14599
"1133";"3301";"45-54";14775
"1134";"3301";"55-64";12713
"1135";"3301";"65-74";9759
"1136";"3301";"75 og eldre";9461
"1137";"3303";"0-15";4918
"1138";"3303";"16-24";3104
"1139";"3303";"25-34";3451
"1140";"3303";"35-44";3783
"1141";"3303";"45-54";4065
"1142";"3303";"55-64";3631
"1143";"3303";"65-74";3082
"1144";"3303";"75 og eldre";2814
"1145";"3305";"0-15";5039
"1146";"3305";"16-24";3146
"1147";"3305";"25-34";3848
"1148";"3305";"35-44";3960
"1149";"3305";"45-54";4362
"1150";"3305";"55-64";4266
"1151";"3305";"65-74";3765
"1152";"3305";"75 og eldre";3195
"1153";"3310";"0-15";1365
"1154";"3310";"16-24";631
"1155";"3310";"25-34";621
"1156";"3310";"35-44";988
"1157";"3310";"45-54";1040
"1158";"3310";"55-64";968
"1159";"3310";"65-74";770
"1160";"3310";"75 og eldre";606
"1161";"3312";"0-15";5462
"1162";"3312";"16-24";2849
"1163";"3312";"25-34";3141
"1164";"3312";"35-44";4175
"1165";"3312";"45-54";4194
"1166";"3312";"55-64";3707
"1167";"3312";"65-74";2636
"1168";"3312";"75 og eldre";2306
"1169";"3314";"0-15";3709
"1170";"3314";"16-24";2068
"1171";"3314";"25-34";2715
"1172";"3314";"35-44";2810
"1173";"3314";"45-54";2885
"1174";"3314";"55-64";2618
"1175";"3314";"65-74";2123
"1176";"3314";"75 og eldre";1851
"1177";"3316";"0-15";2453
"1178";"3316";"16-24";1421
"1179";"3316";"25-34";1676
"1180";"3316";"35-44";1927
"1181";"3316";"45-54";1937
"1182";"3316";"55-64";1936
"1183";"3316";"65-74";1822
"1184";"3316";"75 og eldre";1493
"1185";"3318";"0-15";383
"1186";"3318";"16-24";186
"1187";"3318";"25-34";215
"1188";"3318";"35-44";318
"1189";"3318";"45-54";296
"1190";"3318";"55-64";309
"1191";"3318";"65-74";313
"1192";"3318";"75 og eldre";221
"1193";"3320";"0-15";172
"1194";"3320";"16-24";105
"1195";"3320";"25-34";154
"1196";"3320";"35-44";116
"1197";"3320";"45-54";139
"1198";"3320";"55-64";156
"1199";"3320";"65-74";148
"1200";"3320";"75 og eldre";125
"1201";"3322";"0-15";449
"1202";"3322";"16-24";314
"1203";"3322";"25-34";360
"1204";"3322";"35-44";328
"1205";"3322";"45-54";457
"1206";"3322";"55-64";481
"1207";"3322";"65-74";486
"1208";"3322";"75 og eldre";426
"1209";"3324";"0-15";771
"1210";"3324";"16-24";535
"1211";"3324";"25-34";562
"1212";"3324";"35-44";628
"1213";"3324";"45-54";687
"1214";"3324";"55-64";697
"1215";"3324";"65-74";524
"1216";"3324";"75 og eldre";582
"1217";"3326";"0-15";465
"1218";"3326";"16-24";227
"1219";"3326";"25-34";356
"1220";"3326";"35-44";434
"1221";"3326";"45-54";412
"1222";"3326";"55-64";336
"1223";"3326";"65-74";224
"1224";"3326";"75 og eldre";212
"1225";"3328";"0-15";814
"1226";"3328";"16-24";570
"1227";"3328";"25-34";563
"1228";"3328";"35-44";553
"1229";"3328";"45-54";652
"1230";"3328";"55-64";666
"1231";"3328";"65-74";623
"1232";"3328";"75 og eldre";566
"1233";"3330";"0-15";646
"1234";"3330";"16-24";437
"1235";"3330";"25-34";498
"1236";"3330";"35-44";599
"1237";"3330";"45-54";564
"1238";"3330";"55-64";647
"1239";"3330";"65-74";592
"1240";"3330";"75 og eldre";513
"1241";"3332";"0-15";500
"1242";"3332";"16-24";365
"1243";"3332";"25-34";318
"1244";"3332";"35-44";386
"1245";"3332";"45-54";492
"1246";"3332";"55-64";529
"1247";"3332";"65-74";509
"1248";"3332";"75 og eldre";427
"1249";"3334";"0-15";472
"1250";"3334";"16-24";275
"1251";"3334";"25-34";307
"1252";"3334";"35-44";347
"1253";"3334";"45-54";354
"1254";"3334";"55-64";374
"1255";"3334";"65-74";347
"1256";"3334";"75 og eldre";305
"1257";"3336";"0-15";210
"1258";"3336";"16-24";118
"1259";"3336";"25-34";136
"1260";"3336";"35-44";156
"1261";"3336";"45-54";169
"1262";"3336";"55-64";194
"1263";"3336";"65-74";218
"1264";"3336";"75 og eldre";194
"1265";"3338";"0-15";349
"1266";"3338";"16-24";248
"1267";"3338";"25-34";266
"1268";"3338";"35-44";259
"1269";"3338";"45-54";321
"1270";"3338";"55-64";394
"1271";"3338";"65-74";347
"1272";"3338";"75 og eldre";302
"1273";"3401";"0-15";2769
"1274";"3401";"16-24";1745
"1275";"3401";"25-34";2009
"1276";"3401";"35-44";1976
"1277";"3401";"45-54";2433
"1278";"3401";"55-64";2575
"1279";"3401";"65-74";2342
"1280";"3401";"75 og eldre";2209
"1281";"3403";"0-15";5317
"1282";"3403";"16-24";3441
"1283";"3403";"25-34";4133
"1284";"3403";"35-44";4118
"1285";"3403";"45-54";4232
"1286";"3403";"55-64";4076
"1287";"3403";"65-74";3886
"1288";"3403";"75 og eldre";3676
"1289";"3405";"0-15";4634
"1290";"3405";"16-24";3466
"1291";"3405";"25-34";3717
"1292";"3405";"35-44";3367
"1293";"3405";"45-54";3585
"1294";"3405";"55-64";3673
"1295";"3405";"65-74";3247
"1296";"3405";"75 og eldre";3079
"1297";"3407";"0-15";4913
"1298";"3407";"16-24";3658
"1299";"3407";"25-34";3964
"1300";"3407";"35-44";3703
"1301";"3407";"45-54";4146
"1302";"3407";"55-64";3936
"1303";"3407";"65-74";3440
"1304";"3407";"75 og eldre";3143
"1305";"3411";"0-15";5963
"1306";"3411";"16-24";3513
"1307";"3411";"25-34";4386
"1308";"3411";"35-44";4431
"1309";"3411";"45-54";4842
"1310";"3411";"55-64";5017
"1311";"3411";"65-74";3911
"1312";"3411";"75 og eldre";3549
"1313";"3412";"0-15";1395
"1314";"3412";"16-24";726
"1315";"3412";"25-34";926
"1316";"3412";"35-44";1050
"1317";"3412";"45-54";997
"1318";"3412";"55-64";1054
"1319";"3412";"65-74";964
"1320";"3412";"75 og eldre";817
"1321";"3413";"0-15";3893
"1322";"3413";"16-24";2041
"1323";"3413";"25-34";2483
"1324";"3413";"35-44";2820
"1325";"3413";"45-54";2860
"1326";"3413";"55-64";2860
"1327";"3413";"65-74";2521
"1328";"3413";"75 og eldre";2127
"1329";"3414";"0-15";667
"1330";"3414";"16-24";479
"1331";"3414";"25-34";485
"1332";"3414";"35-44";502
"1333";"3414";"45-54";704
"1334";"3414";"55-64";789
"1335";"3414";"65-74";715
"1336";"3414";"75 og eldre";651
"1337";"3415";"0-15";1245
"1338";"3415";"16-24";725
"1339";"3415";"25-34";902
"1340";"3415";"35-44";962
"1341";"3415";"45-54";1203
"1342";"3415";"55-64";1217
"1343";"3415";"65-74";1061
"1344";"3415";"75 og eldre";797
"1345";"3416";"0-15";782
"1346";"3416";"16-24";527
"1347";"3416";"25-34";568
"1348";"3416";"35-44";578
"1349";"3416";"45-54";833
"1350";"3416";"55-64";1059
"1351";"3416";"65-74";926
"1352";"3416";"75 og eldre";767
"1353";"3417";"0-15";523
"1354";"3417";"16-24";400
"1355";"3417";"25-34";459
"1356";"3417";"35-44";414
"1357";"3417";"45-54";586
"1358";"3417";"55-64";753
"1359";"3417";"65-74";719
"1360";"3417";"75 og eldre";678
"1361";"3418";"0-15";980
"1362";"3418";"16-24";692
"1363";"3418";"25-34";743
"1364";"3418";"35-44";737
"1365";"3418";"45-54";1034
"1366";"3418";"55-64";1106
"1367";"3418";"65-74";1064
"1368";"3418";"75 og eldre";983
"1369";"3419";"0-15";487
"1370";"3419";"16-24";334
"1371";"3419";"25-34";328
"1372";"3419";"35-44";334
"1373";"3419";"45-54";488
"1374";"3419";"55-64";593
"1375";"3419";"65-74";558
"1376";"3419";"75 og eldre";493
"1377";"3420";"0-15";3624
"1378";"3420";"16-24";2470
"1379";"3420";"25-34";2691
"1380";"3420";"35-44";2610
"1381";"3420";"45-54";2909
"1382";"3420";"55-64";2754
"1383";"3420";"65-74";2475
"1384";"3420";"75 og eldre";2228
"1385";"3421";"0-15";933
"1386";"3421";"16-24";600
"1387";"3421";"25-34";725
"1388";"3421";"35-44";710
"1389";"3421";"45-54";878
"1390";"3421";"55-64";1002
"1391";"3421";"65-74";849
"1392";"3421";"75 og eldre";869
"1393";"3422";"0-15";631
"1394";"3422";"16-24";533
"1395";"3422";"25-34";570
"1396";"3422";"35-44";435
"1397";"3422";"45-54";521
"1398";"3422";"55-64";587
"1399";"3422";"65-74";540
"1400";"3422";"75 og eldre";472
"1401";"3423";"0-15";257
"1402";"3423";"16-24";162
"1403";"3423";"25-34";240
"1404";"3423";"35-44";225
"1405";"3423";"45-54";286
"1406";"3423";"55-64";390
"1407";"3423";"65-74";366
"1408";"3423";"75 og eldre";350
"1409";"3424";"0-15";230
"1410";"3424";"16-24";155
"1411";"3424";"25-34";153
"1412";"3424";"35-44";153
"1413";"3424";"45-54";235
"1414";"3424";"55-64";311
"1415";"3424";"65-74";315
"1416";"3424";"75 og eldre";285
"1417";"3425";"0-15";170
"1418";"3425";"16-24";124
"1419";"3425";"25-34";127
"1420";"3425";"35-44";115
"1421";"3425";"45-54";179
"1422";"3425";"55-64";231
"1423";"3425";"65-74";202
"1424";"3425";"75 og eldre";213
"1425";"3426";"0-15";304
"1426";"3426";"16-24";156
"1427";"3426";"25-34";192
"1428";"3426";"35-44";186
"1429";"3426";"45-54";173
"1430";"3426";"55-64";215
"1431";"3426";"65-74";226
"1432";"3426";"75 og eldre";152
"1433";"3427";"0-15";1002
"1434";"3427";"16-24";624
"1435";"3427";"25-34";621
"1436";"3427";"35-44";683
"1437";"3427";"45-54";716
"1438";"3427";"55-64";702
"1439";"3427";"65-74";762
"1440";"3427";"75 og eldre";582
"1441";"3428";"0-15";496
"1442";"3428";"16-24";271
"1443";"3428";"25-34";251
"1444";"3428";"35-44";290
"1445";"3428";"45-54";307
"1446";"3428";"55-64";366
"1447";"3428";"65-74";295
"1448";"3428";"75 og eldre";250
"1449";"3429";"0-15";214
"1450";"3429";"16-24";134
"1451";"3429";"25-34";138
"1452";"3429";"35-44";145
"1453";"3429";"45-54";194
"1454";"3429";"55-64";242
"1455";"3429";"65-74";221
"1456";"3429";"75 og eldre";244
"1457";"3430";"0-15";256
"1458";"3430";"16-24";190
"1459";"3430";"25-34";211
"1460";"3430";"35-44";185
"1461";"3430";"45-54";253
"1462";"3430";"55-64";300
"1463";"3430";"65-74";262
"1464";"3430";"75 og eldre";234
"1465";"3431";"0-15";365
"1466";"3431";"16-24";222
"1467";"3431";"25-34";264
"1468";"3431";"35-44";253
"1469";"3431";"45-54";303
"1470";"3431";"55-64";358
"1471";"3431";"65-74";366
"1472";"3431";"75 og eldre";372
"1473";"3432";"0-15";311
"1474";"3432";"16-24";225
"1475";"3432";"25-34";202
"1476";"3432";"35-44";180
"1477";"3432";"45-54";251
"1478";"3432";"55-64";268
"1479";"3432";"65-74";309
"1480";"3432";"75 og eldre";237
"1481";"3433";"0-15";291
"1482";"3433";"16-24";218
"1483";"3433";"25-34";193
"1484";"3433";"35-44";216
"1485";"3433";"45-54";291
"1486";"3433";"55-64";298
"1487";"3433";"65-74";319
"1488";"3433";"75 og eldre";315
"1489";"3434";"0-15";339
"1490";"3434";"16-24";219
"1491";"3434";"25-34";212
"1492";"3434";"35-44";238
"1493";"3434";"45-54";281
"1494";"3434";"55-64";327
"1495";"3434";"65-74";322
"1496";"3434";"75 og eldre";274
"1497";"3435";"0-15";555
"1498";"3435";"16-24";358
"1499";"3435";"25-34";357
"1500";"3435";"35-44";380
"1501";"3435";"45-54";463
"1502";"3435";"55-64";500
"1503";"3435";"65-74";466
"1504";"3435";"75 og eldre";452
"1505";"3436";"0-15";865
"1506";"3436";"16-24";575
"1507";"3436";"25-34";543
"1508";"3436";"35-44";564
"1509";"3436";"45-54";711
"1510";"3436";"55-64";863
"1511";"3436";"65-74";709
"1512";"3436";"75 og eldre";756
"1513";"3437";"0-15";878
"1514";"3437";"16-24";592
"1515";"3437";"25-34";585
"1516";"3437";"35-44";614
"1517";"3437";"45-54";760
"1518";"3437";"55-64";798
"1519";"3437";"65-74";805
"1520";"3437";"75 og eldre";724
"1521";"3438";"0-15";496
"1522";"3438";"16-24";286
"1523";"3438";"25-34";333
"1524";"3438";"35-44";333
"1525";"3438";"45-54";438
"1526";"3438";"55-64";459
"1527";"3438";"65-74";397
"1528";"3438";"75 og eldre";377
"1529";"3439";"0-15";697
"1530";"3439";"16-24";380
"1531";"3439";"25-34";465
"1532";"3439";"35-44";536
"1533";"3439";"45-54";572
"1534";"3439";"55-64";627
"1535";"3439";"65-74";555
"1536";"3439";"75 og eldre";581
"1537";"3440";"0-15";874
"1538";"3440";"16-24";477
"1539";"3440";"25-34";559
"1540";"3440";"35-44";633
"1541";"3440";"45-54";684
"1542";"3440";"55-64";737
"1543";"3440";"65-74";602
"1544";"3440";"75 og eldre";558
"1545";"3441";"0-15";940
"1546";"3441";"16-24";596
"1547";"3441";"25-34";665
"1548";"3441";"35-44";709
"1549";"3441";"45-54";852
"1550";"3441";"55-64";921
"1551";"3441";"65-74";716
"1552";"3441";"75 og eldre";778
"1553";"3442";"0-15";2351
"1554";"3442";"16-24";1391
"1555";"3442";"25-34";1649
"1556";"3442";"35-44";1685
"1557";"3442";"45-54";2090
"1558";"3442";"55-64";2157
"1559";"3442";"65-74";1822
"1560";"3442";"75 og eldre";1695
"1561";"3443";"0-15";2133
"1562";"3443";"16-24";1416
"1563";"3443";"25-34";1775
"1564";"3443";"35-44";1525
"1565";"3443";"45-54";1950
"1566";"3443";"55-64";1838
"1567";"3443";"65-74";1555
"1568";"3443";"75 og eldre";1499
"1569";"3446";"0-15";2089
"1570";"3446";"16-24";1373
"1571";"3446";"25-34";1389
"1572";"3446";"35-44";1545
"1573";"3446";"45-54";1971
"1574";"3446";"55-64";2045
"1575";"3446";"65-74";1665
"1576";"3446";"75 og eldre";1516
"1577";"3447";"0-15";808
"1578";"3447";"16-24";523
"1579";"3447";"25-34";568
"1580";"3447";"35-44";614
"1581";"3447";"45-54";758
"1582";"3447";"55-64";904
"1583";"3447";"65-74";791
"1584";"3447";"75 og eldre";621
"1585";"3448";"0-15";1032
"1586";"3448";"16-24";576
"1587";"3448";"25-34";713
"1588";"3448";"35-44";681
"1589";"3448";"45-54";899
"1590";"3448";"55-64";985
"1591";"3448";"65-74";883
"1592";"3448";"75 og eldre";741
"1593";"3449";"0-15";403
"1594";"3449";"16-24";260
"1595";"3449";"25-34";279
"1596";"3449";"35-44";298
"1597";"3449";"45-54";359
"1598";"3449";"55-64";455
"1599";"3449";"65-74";397
"1600";"3449";"75 og eldre";385
"1601";"3450";"0-15";213
"1602";"3450";"16-24";134
"1603";"3450";"25-34";141
"1604";"3450";"35-44";137
"1605";"3450";"45-54";179
"1606";"3450";"55-64";210
"1607";"3450";"65-74";166
"1608";"3450";"75 og eldre";186
"1609";"3451";"0-15";1013
"1610";"3451";"16-24";654
"1611";"3451";"25-34";756
"1612";"3451";"35-44";733
"1613";"3451";"45-54";889
"1614";"3451";"55-64";872
"1615";"3451";"65-74";880
"1616";"3451";"75 og eldre";765
"1617";"3452";"0-15";312
"1618";"3452";"16-24";217
"1619";"3452";"25-34";239
"1620";"3452";"35-44";229
"1621";"3452";"45-54";280
"1622";"3452";"55-64";325
"1623";"3452";"65-74";276
"1624";"3452";"75 og eldre";234
"1625";"3453";"0-15";507
"1626";"3453";"16-24";304
"1627";"3453";"25-34";389
"1628";"3453";"35-44";389
"1629";"3453";"45-54";434
"1630";"3453";"55-64";489
"1631";"3453";"65-74";411
"1632";"3453";"75 og eldre";375
"1633";"3454";"0-15";281
"1634";"3454";"16-24";154
"1635";"3454";"25-34";163
"1636";"3454";"35-44";224
"1637";"3454";"45-54";218
"1638";"3454";"55-64";215
"1639";"3454";"65-74";195
"1640";"3454";"75 og eldre";195
"1641";"3901";"0-15";4570
"1642";"3901";"16-24";3000
"1643";"3901";"25-34";3126
"1644";"3901";"35-44";3452
"1645";"3901";"45-54";3784
"1646";"3901";"55-64";3865
"1647";"3901";"65-74";3169
"1648";"3901";"75 og eldre";2973
"1649";"3903";"0-15";4676
"1650";"3903";"16-24";2563
"1651";"3903";"25-34";3310
"1652";"3903";"35-44";3491
"1653";"3903";"45-54";3766
"1654";"3903";"55-64";3548
"1655";"3903";"65-74";3054
"1656";"3903";"75 og eldre";2464
"1657";"3905";"0-15";10152
"1658";"3905";"16-24";6087
"1659";"3905";"25-34";7715
"1660";"3905";"35-44";7922
"1661";"3905";"45-54";8007
"1662";"3905";"55-64";7772
"1663";"3905";"65-74";6131
"1664";"3905";"75 og eldre";5388
"1665";"3907";"0-15";11549
"1666";"3907";"16-24";6776
"1667";"3907";"25-34";7731
"1668";"3907";"35-44";8629
"1669";"3907";"45-54";9219
"1670";"3907";"55-64";8791
"1671";"3907";"65-74";7133
"1672";"3907";"75 og eldre";6403
"1673";"3909";"0-15";8092
"1674";"3909";"16-24";4728
"1675";"3909";"25-34";5256
"1676";"3909";"35-44";6182
"1677";"3909";"45-54";6566
"1678";"3909";"55-64";6629
"1679";"3909";"65-74";6090
"1680";"3909";"75 og eldre";5172
"1681";"3911";"0-15";4728
"1682";"3911";"16-24";2689
"1683";"3911";"25-34";2581
"1684";"3911";"35-44";3348
"1685";"3911";"45-54";3661
"1686";"3911";"55-64";3998
"1687";"3911";"65-74";3493
"1688";"3911";"75 og eldre";3003
"1689";"4001";"0-15";6168
"1690";"4001";"16-24";3802
"1691";"4001";"25-34";4657
"1692";"4001";"35-44";4599
"1693";"4001";"45-54";5179
"1694";"4001";"55-64";4938
"1695";"4001";"65-74";4173
"1696";"4001";"75 og eldre";3677
"1697";"4003";"0-15";9807
"1698";"4003";"16-24";5784
"1699";"4003";"25-34";6844
"1700";"4003";"35-44";7233
"1701";"4003";"45-54";7712
"1702";"4003";"55-64";7345
"1703";"4003";"65-74";6320
"1704";"4003";"75 og eldre";5574
"1705";"4005";"0-15";2189
"1706";"4005";"16-24";1326
"1707";"4005";"25-34";1576
"1708";"4005";"35-44";1580
"1709";"4005";"45-54";1707
"1710";"4005";"55-64";1842
"1711";"4005";"65-74";1604
"1712";"4005";"75 og eldre";1442
"1713";"4010";"0-15";431
"1714";"4010";"16-24";215
"1715";"4010";"25-34";262
"1716";"4010";"35-44";291
"1717";"4010";"45-54";315
"1718";"4010";"55-64";313
"1719";"4010";"65-74";281
"1720";"4010";"75 og eldre";274
"1721";"4012";"0-15";2335
"1722";"4012";"16-24";1503
"1723";"4012";"25-34";1532
"1724";"4012";"35-44";1661
"1725";"4012";"45-54";1860
"1726";"4012";"55-64";2005
"1727";"4012";"65-74";1809
"1728";"4012";"75 og eldre";1564
"1729";"4014";"0-15";1569
"1730";"4014";"16-24";974
"1731";"4014";"25-34";1034
"1732";"4014";"35-44";1136
"1733";"4014";"45-54";1448
"1734";"4014";"55-64";1510
"1735";"4014";"65-74";1449
"1736";"4014";"75 og eldre";1325
"1737";"4016";"0-15";675
"1738";"4016";"16-24";446
"1739";"4016";"25-34";413
"1740";"4016";"35-44";446
"1741";"4016";"45-54";576
"1742";"4016";"55-64";572
"1743";"4016";"65-74";521
"1744";"4016";"75 og eldre";437
"1745";"4018";"0-15";1042
"1746";"4018";"16-24";665
"1747";"4018";"25-34";716
"1748";"4018";"35-44";710
"1749";"4018";"45-54";879
"1750";"4018";"55-64";974
"1751";"4018";"65-74";833
"1752";"4018";"75 og eldre";720
"1753";"4020";"0-15";1885
"1754";"4020";"16-24";1331
"1755";"4020";"25-34";1391
"1756";"4020";"35-44";1380
"1757";"4020";"45-54";1381
"1758";"4020";"55-64";1296
"1759";"4020";"65-74";1159
"1760";"4020";"75 og eldre";1081
"1761";"4022";"0-15";508
"1762";"4022";"16-24";313
"1763";"4022";"25-34";275
"1764";"4022";"35-44";336
"1765";"4022";"45-54";402
"1766";"4022";"55-64";393
"1767";"4022";"65-74";401
"1768";"4022";"75 og eldre";351
"1769";"4024";"0-15";281
"1770";"4024";"16-24";167
"1771";"4024";"25-34";166
"1772";"4024";"35-44";164
"1773";"4024";"45-54";206
"1774";"4024";"55-64";218
"1775";"4024";"65-74";206
"1776";"4024";"75 og eldre";222
"1777";"4026";"0-15";751
"1778";"4026";"16-24";552
"1779";"4026";"25-34";521
"1780";"4026";"35-44";577
"1781";"4026";"45-54";809
"1782";"4026";"55-64";826
"1783";"4026";"65-74";817
"1784";"4026";"75 og eldre";680
"1785";"4028";"0-15";368
"1786";"4028";"16-24";219
"1787";"4028";"25-34";239
"1788";"4028";"35-44";266
"1789";"4028";"45-54";333
"1790";"4028";"55-64";411
"1791";"4028";"65-74";333
"1792";"4028";"75 og eldre";289
"1793";"4030";"0-15";255
"1794";"4030";"16-24";133
"1795";"4030";"25-34";120
"1796";"4030";"35-44";157
"1797";"4030";"45-54";204
"1798";"4030";"55-64";207
"1799";"4030";"65-74";228
"1800";"4030";"75 og eldre";167
"1801";"4032";"0-15";200
"1802";"4032";"16-24";120
"1803";"4032";"25-34";121
"1804";"4032";"35-44";135
"1805";"4032";"45-54";178
"1806";"4032";"55-64";190
"1807";"4032";"65-74";174
"1808";"4032";"75 og eldre";138
"1809";"4034";"0-15";349
"1810";"4034";"16-24";216
"1811";"4034";"25-34";254
"1812";"4034";"35-44";216
"1813";"4034";"45-54";290
"1814";"4034";"55-64";339
"1815";"4034";"65-74";308
"1816";"4034";"75 og eldre";240
"1817";"4036";"0-15";676
"1818";"4036";"16-24";337
"1819";"4036";"25-34";468
"1820";"4036";"35-44";452
"1821";"4036";"45-54";480
"1822";"4036";"55-64";538
"1823";"4036";"65-74";475
"1824";"4036";"75 og eldre";425
"1825";"4201";"0-15";1024
"1826";"4201";"16-24";675
"1827";"4201";"25-34";637
"1828";"4201";"35-44";709
"1829";"4201";"45-54";971
"1830";"4201";"55-64";964
"1831";"4201";"65-74";1007
"1832";"4201";"75 og eldre";838
"1833";"4202";"0-15";4714
"1834";"4202";"16-24";3102
"1835";"4202";"25-34";3442
"1836";"4202";"35-44";3131
"1837";"4202";"45-54";3294
"1838";"4202";"55-64";2895
"1839";"4202";"65-74";2298
"1840";"4202";"75 og eldre";2093
"1841";"4203";"0-15";8028
"1842";"4203";"16-24";4790
"1843";"4203";"25-34";5229
"1844";"4203";"35-44";5953
"1845";"4203";"45-54";6510
"1846";"4203";"55-64";6055
"1847";"4203";"65-74";5342
"1848";"4203";"75 og eldre";4448
"1849";"4204";"0-15";21803
"1850";"4204";"16-24";14773
"1851";"4204";"25-34";16534
"1852";"4204";"35-44";15509
"1853";"4204";"45-54";14936
"1854";"4204";"55-64";13790
"1855";"4204";"65-74";10554
"1856";"4204";"75 og eldre";9087
"1857";"4205";"0-15";4371
"1858";"4205";"16-24";2638
"1859";"4205";"25-34";2671
"1860";"4205";"35-44";2904
"1861";"4205";"45-54";3133
"1862";"4205";"55-64";3045
"1863";"4205";"65-74";2709
"1864";"4205";"75 og eldre";2219
"1865";"4206";"0-15";1776
"1866";"4206";"16-24";1062
"1867";"4206";"25-34";1088
"1868";"4206";"35-44";1157
"1869";"4206";"45-54";1327
"1870";"4206";"55-64";1247
"1871";"4206";"65-74";1153
"1872";"4206";"75 og eldre";1066
"1873";"4207";"0-15";1733
"1874";"4207";"16-24";957
"1875";"4207";"25-34";1052
"1876";"4207";"35-44";1119
"1877";"4207";"45-54";1164
"1878";"4207";"55-64";1228
"1879";"4207";"65-74";1044
"1880";"4207";"75 og eldre";982
"1881";"4211";"0-15";354
"1882";"4211";"16-24";250
"1883";"4211";"25-34";258
"1884";"4211";"35-44";256
"1885";"4211";"45-54";388
"1886";"4211";"55-64";344
"1887";"4211";"65-74";321
"1888";"4211";"75 og eldre";273
"1889";"4212";"0-15";456
"1890";"4212";"16-24";228
"1891";"4212";"25-34";277
"1892";"4212";"35-44";265
"1893";"4212";"45-54";304
"1894";"4212";"55-64";326
"1895";"4212";"65-74";223
"1896";"4212";"75 og eldre";189
"1897";"4213";"0-15";1020
"1898";"4213";"16-24";633
"1899";"4213";"25-34";675
"1900";"4213";"35-44";746
"1901";"4213";"45-54";848
"1902";"4213";"55-64";867
"1903";"4213";"65-74";854
"1904";"4213";"75 og eldre";680
"1905";"4214";"0-15";1246
"1906";"4214";"16-24";645
"1907";"4214";"25-34";829
"1908";"4214";"35-44";816
"1909";"4214";"45-54";869
"1910";"4214";"55-64";744
"1911";"4214";"65-74";592
"1912";"4214";"75 og eldre";495
"1913";"4215";"0-15";2202
"1914";"4215";"16-24";1202
"1915";"4215";"25-34";1219
"1916";"4215";"35-44";1536
"1917";"4215";"45-54";1528
"1918";"4215";"55-64";1506
"1919";"4215";"65-74";1256
"1920";"4215";"75 og eldre";1074
"1921";"4216";"0-15";1154
"1922";"4216";"16-24";624
"1923";"4216";"25-34";727
"1924";"4216";"35-44";710
"1925";"4216";"45-54";724
"1926";"4216";"55-64";613
"1927";"4216";"65-74";480
"1928";"4216";"75 og eldre";448
"1929";"4217";"0-15";317
"1930";"4217";"16-24";162
"1931";"4217";"25-34";197
"1932";"4217";"35-44";191
"1933";"4217";"45-54";249
"1934";"4217";"55-64";258
"1935";"4217";"65-74";231
"1936";"4217";"75 og eldre";197
"1937";"4218";"0-15";309
"1938";"4218";"16-24";125
"1939";"4218";"25-34";169
"1940";"4218";"35-44";188
"1941";"4218";"45-54";179
"1942";"4218";"55-64";185
"1943";"4218";"65-74";138
"1944";"4218";"75 og eldre";87
"1945";"4219";"0-15";771
"1946";"4219";"16-24";416
"1947";"4219";"25-34";452
"1948";"4219";"35-44";546
"1949";"4219";"45-54";504
"1950";"4219";"55-64";465
"1951";"4219";"65-74";434
"1952";"4219";"75 og eldre";379
"1953";"4220";"0-15";180
"1954";"4220";"16-24";106
"1955";"4220";"25-34";122
"1956";"4220";"35-44";126
"1957";"4220";"45-54";189
"1958";"4220";"55-64";157
"1959";"4220";"65-74";182
"1960";"4220";"75 og eldre";118
"1961";"4221";"0-15";188
"1962";"4221";"16-24";135
"1963";"4221";"25-34";123
"1964";"4221";"35-44";140
"1965";"4221";"45-54";152
"1966";"4221";"55-64";145
"1967";"4221";"65-74";196
"1968";"4221";"75 og eldre";126
"1969";"4222";"0-15";154
"1970";"4222";"16-24";93
"1971";"4222";"25-34";125
"1972";"4222";"35-44";147
"1973";"4222";"45-54";160
"1974";"4222";"55-64";147
"1975";"4222";"65-74";111
"1976";"4222";"75 og eldre";74
"1977";"4223";"0-15";3042
"1978";"4223";"16-24";1664
"1979";"4223";"25-34";2207
"1980";"4223";"35-44";2119
"1981";"4223";"45-54";1986
"1982";"4223";"55-64";1859
"1983";"4223";"65-74";1378
"1984";"4223";"75 og eldre";1197
"1985";"4224";"0-15";168
"1986";"4224";"16-24";110
"1987";"4224";"25-34";104
"1988";"4224";"35-44";108
"1989";"4224";"45-54";108
"1990";"4224";"55-64";159
"1991";"4224";"65-74";86
"1992";"4224";"75 og eldre";80
"1993";"4225";"0-15";2243
"1994";"4225";"16-24";1318
"1995";"4225";"25-34";1283
"1996";"4225";"35-44";1402
"1997";"4225";"45-54";1403
"1998";"4225";"55-64";1189
"1999";"4225";"65-74";1069
"2000";"4225";"75 og eldre";928
"2001";"4226";"0-15";364
"2002";"4226";"16-24";189
"2003";"4226";"25-34";202
"2004";"4226";"35-44";230
"2005";"4226";"45-54";248
"2006";"4226";"55-64";207
"2007";"4226";"65-74";171
"2008";"4226";"75 og eldre";165
"2009";"4227";"0-15";1187
"2010";"4227";"16-24";634
"2011";"4227";"25-34";742
"2012";"4227";"35-44";736
"2013";"4227";"45-54";792
"2014";"4227";"55-64";845
"2015";"4227";"65-74";646
"2016";"4227";"75 og eldre";610
"2017";"4228";"0-15";360
"2018";"4228";"16-24";210
"2019";"4228";"25-34";227
"2020";"4228";"35-44";234
"2021";"4228";"45-54";234
"2022";"4228";"55-64";237
"2023";"4228";"65-74";186
"2024";"4228";"75 og eldre";185
"2025";"4601";"0-15";48956
"2026";"4601";"16-24";35245
"2027";"4601";"25-34";48297
"2028";"4601";"35-44";40456
"2029";"4601";"45-54";37168
"2030";"4601";"55-64";33497
"2031";"4601";"65-74";25044
"2032";"4601";"75 og eldre";23277
"2033";"4602";"0-15";3186
"2034";"4602";"16-24";1951
"2035";"4602";"25-34";1962
"2036";"4602";"35-44";2163
"2037";"4602";"45-54";2227
"2038";"4602";"55-64";2313
"2039";"4602";"65-74";1987
"2040";"4602";"75 og eldre";1560
"2041";"4611";"0-15";773
"2042";"4611";"16-24";413
"2043";"4611";"25-34";413
"2044";"4611";"35-44";491
"2045";"4611";"45-54";546
"2046";"4611";"55-64";508
"2047";"4611";"65-74";469
"2048";"4611";"75 og eldre";459
"2049";"4612";"0-15";1169
"2050";"4612";"16-24";600
"2051";"4612";"25-34";627
"2052";"4612";"35-44";771
"2053";"4612";"45-54";770
"2054";"4612";"55-64";654
"2055";"4612";"65-74";680
"2056";"4612";"75 og eldre";471
"2057";"4613";"0-15";2450
"2058";"4613";"16-24";1428
"2059";"4613";"25-34";1327
"2060";"4613";"35-44";1630
"2061";"4613";"45-54";1582
"2062";"4613";"55-64";1451
"2063";"4613";"65-74";1312
"2064";"4613";"75 og eldre";1088
"2065";"4614";"0-15";3827
"2066";"4614";"16-24";2126
"2067";"4614";"25-34";2366
"2068";"4614";"35-44";2517
"2069";"4614";"45-54";2562
"2070";"4614";"55-64";2360
"2071";"4614";"65-74";1838
"2072";"4614";"75 og eldre";1691
"2073";"4615";"0-15";612
"2074";"4615";"16-24";358
"2075";"4615";"25-34";319
"2076";"4615";"35-44";411
"2077";"4615";"45-54";432
"2078";"4615";"55-64";379
"2079";"4615";"65-74";418
"2080";"4615";"75 og eldre";274
"2081";"4616";"0-15";533
"2082";"4616";"16-24";231
"2083";"4616";"25-34";307
"2084";"4616";"35-44";351
"2085";"4616";"45-54";310
"2086";"4616";"55-64";384
"2087";"4616";"65-74";418
"2088";"4616";"75 og eldre";388
"2089";"4617";"0-15";2269
"2090";"4617";"16-24";1463
"2091";"4617";"25-34";1359
"2092";"4617";"35-44";1445
"2093";"4617";"45-54";1710
"2094";"4617";"55-64";1721
"2095";"4617";"65-74";1572
"2096";"4617";"75 og eldre";1550
"2097";"4618";"0-15";1784
"2098";"4618";"16-24";1099
"2099";"4618";"25-34";1178
"2100";"4618";"35-44";1250
"2101";"4618";"45-54";1386
"2102";"4618";"55-64";1563
"2103";"4618";"65-74";1352
"2104";"4618";"75 og eldre";1405
"2105";"4619";"0-15";165
"2106";"4619";"16-24";78
"2107";"4619";"25-34";113
"2108";"4619";"35-44";102
"2109";"4619";"45-54";117
"2110";"4619";"55-64";150
"2111";"4619";"65-74";134
"2112";"4619";"75 og eldre";109
"2113";"4620";"0-15";193
"2114";"4620";"16-24";101
"2115";"4620";"25-34";111
"2116";"4620";"35-44";122
"2117";"4620";"45-54";135
"2118";"4620";"55-64";150
"2119";"4620";"65-74";138
"2120";"4620";"75 og eldre";139
"2121";"4621";"0-15";3071
"2122";"4621";"16-24";1695
"2123";"4621";"25-34";1929
"2124";"4621";"35-44";2110
"2125";"4621";"45-54";1936
"2126";"4621";"55-64";2008
"2127";"4621";"65-74";1891
"2128";"4621";"75 og eldre";1831
"2129";"4622";"0-15";1556
"2130";"4622";"16-24";886
"2131";"4622";"25-34";852
"2132";"4622";"35-44";976
"2133";"4622";"45-54";1039
"2134";"4622";"55-64";1084
"2135";"4622";"65-74";1061
"2136";"4622";"75 og eldre";1042
"2137";"4623";"0-15";452
"2138";"4623";"16-24";238
"2139";"4623";"25-34";244
"2140";"4623";"35-44";312
"2141";"4623";"45-54";298
"2142";"4623";"55-64";355
"2143";"4623";"65-74";329
"2144";"4623";"75 og eldre";274
"2145";"4624";"0-15";5301
"2146";"4624";"16-24";2812
"2147";"4624";"25-34";3149
"2148";"4624";"35-44";3611
"2149";"4624";"45-54";3461
"2150";"4624";"55-64";2930
"2151";"4624";"65-74";2626
"2152";"4624";"75 og eldre";2190
"2153";"4625";"0-15";1147
"2154";"4625";"16-24";573
"2155";"4625";"25-34";581
"2156";"4625";"35-44";736
"2157";"4625";"45-54";630
"2158";"4625";"55-64";594
"2159";"4625";"65-74";577
"2160";"4625";"75 og eldre";462
"2161";"4626";"0-15";8093
"2162";"4626";"16-24";4442
"2163";"4626";"25-34";4829
"2164";"4626";"35-44";5364
"2165";"4626";"45-54";5522
"2166";"4626";"55-64";4876
"2167";"4626";"65-74";3759
"2168";"4626";"75 og eldre";2883
"2169";"4627";"0-15";6522
"2170";"4627";"16-24";3354
"2171";"4627";"25-34";3393
"2172";"4627";"35-44";4456
"2173";"4627";"45-54";4338
"2174";"4627";"55-64";3240
"2175";"4627";"65-74";2645
"2176";"4627";"75 og eldre";2197
"2177";"4628";"0-15";650
"2178";"4628";"16-24";394
"2179";"4628";"25-34";411
"2180";"4628";"35-44";486
"2181";"4628";"45-54";471
"2182";"4628";"55-64";516
"2183";"4628";"65-74";495
"2184";"4628";"75 og eldre";429
"2185";"4629";"0-15";76
"2186";"4629";"16-24";42
"2187";"4629";"25-34";33
"2188";"4629";"35-44";55
"2189";"4629";"45-54";44
"2190";"4629";"55-64";53
"2191";"4629";"65-74";39
"2192";"4629";"75 og eldre";42
"2193";"4630";"0-15";1558
"2194";"4630";"16-24";863
"2195";"4630";"25-34";958
"2196";"4630";"35-44";1041
"2197";"4630";"45-54";1082
"2198";"4630";"55-64";1001
"2199";"4630";"65-74";866
"2200";"4630";"75 og eldre";831
"2201";"4631";"0-15";5913
"2202";"4631";"16-24";3303
"2203";"4631";"25-34";3388
"2204";"4631";"35-44";3854
"2205";"4631";"45-54";4080
"2206";"4631";"55-64";3490
"2207";"4631";"65-74";3298
"2208";"4631";"75 og eldre";2660
"2209";"4632";"0-15";506
"2210";"4632";"16-24";286
"2211";"4632";"25-34";293
"2212";"4632";"35-44";338
"2213";"4632";"45-54";376
"2214";"4632";"55-64";379
"2215";"4632";"65-74";343
"2216";"4632";"75 og eldre";360
"2217";"4633";"0-15";91
"2218";"4633";"16-24";54
"2219";"4633";"25-34";35
"2220";"4633";"35-44";57
"2221";"4633";"45-54";52
"2222";"4633";"55-64";76
"2223";"4633";"65-74";86
"2224";"4633";"75 og eldre";68
"2225";"4634";"0-15";308
"2226";"4634";"16-24";159
"2227";"4634";"25-34";164
"2228";"4634";"35-44";189
"2229";"4634";"45-54";179
"2230";"4634";"55-64";240
"2231";"4634";"65-74";227
"2232";"4634";"75 og eldre";228
"2233";"4635";"0-15";342
"2234";"4635";"16-24";227
"2235";"4635";"25-34";255
"2236";"4635";"35-44";249
"2237";"4635";"45-54";272
"2238";"4635";"55-64";341
"2239";"4635";"65-74";270
"2240";"4635";"75 og eldre";278
"2241";"4636";"0-15";99
"2242";"4636";"16-24";74
"2243";"4636";"25-34";70
"2244";"4636";"35-44";78
"2245";"4636";"45-54";89
"2246";"4636";"55-64";120
"2247";"4636";"65-74";114
"2248";"4636";"75 og eldre";106
"2249";"4637";"0-15";162
"2250";"4637";"16-24";125
"2251";"4637";"25-34";94
"2252";"4637";"35-44";136
"2253";"4637";"45-54";187
"2254";"4637";"55-64";207
"2255";"4637";"65-74";160
"2256";"4637";"75 og eldre";197
"2257";"4638";"0-15";547
"2258";"4638";"16-24";436
"2259";"4638";"25-34";371
"2260";"4638";"35-44";378
"2261";"4638";"45-54";494
"2262";"4638";"55-64";637
"2263";"4638";"65-74";508
"2264";"4638";"75 og eldre";508
"2265";"4639";"0-15";418
"2266";"4639";"16-24";259
"2267";"4639";"25-34";245
"2268";"4639";"35-44";254
"2269";"4639";"45-54";318
"2270";"4639";"55-64";339
"2271";"4639";"65-74";356
"2272";"4639";"75 og eldre";362
"2273";"4640";"0-15";2328
"2274";"4640";"16-24";1464
"2275";"4640";"25-34";1816
"2276";"4640";"35-44";1608
"2277";"4640";"45-54";1396
"2278";"4640";"55-64";1402
"2279";"4640";"65-74";1170
"2280";"4640";"75 og eldre";1135
"2281";"4641";"0-15";271
"2282";"4641";"16-24";182
"2283";"4641";"25-34";255
"2284";"4641";"35-44";234
"2285";"4641";"45-54";211
"2286";"4641";"55-64";264
"2287";"4641";"65-74";197
"2288";"4641";"75 og eldre";186
"2289";"4642";"0-15";358
"2290";"4642";"16-24";213
"2291";"4642";"25-34";234
"2292";"4642";"35-44";226
"2293";"4642";"45-54";280
"2294";"4642";"55-64";313
"2295";"4642";"65-74";289
"2296";"4642";"75 og eldre";247
"2297";"4643";"0-15";822
"2298";"4643";"16-24";511
"2299";"4643";"25-34";584
"2300";"4643";"35-44";594
"2301";"4643";"45-54";650
"2302";"4643";"55-64";829
"2303";"4643";"65-74";609
"2304";"4643";"75 og eldre";640
"2305";"4644";"0-15";1022
"2306";"4644";"16-24";565
"2307";"4644";"25-34";578
"2308";"4644";"35-44";637
"2309";"4644";"45-54";647
"2310";"4644";"55-64";695
"2311";"4644";"65-74";623
"2312";"4644";"75 og eldre";604
"2313";"4645";"0-15";538
"2314";"4645";"16-24";295
"2315";"4645";"25-34";248
"2316";"4645";"35-44";335
"2317";"4645";"45-54";330
"2318";"4645";"55-64";421
"2319";"4645";"65-74";426
"2320";"4645";"75 og eldre";393
"2321";"4646";"0-15";515
"2322";"4646";"16-24";464
"2323";"4646";"25-34";289
"2324";"4646";"35-44";290
"2325";"4646";"45-54";311
"2326";"4646";"55-64";326
"2327";"4646";"65-74";332
"2328";"4646";"75 og eldre";342
"2329";"4647";"0-15";4376
"2330";"4647";"16-24";2693
"2331";"4647";"25-34";2854
"2332";"4647";"35-44";2820
"2333";"4647";"45-54";2859
"2334";"4647";"55-64";2673
"2335";"4647";"65-74";2325
"2336";"4647";"75 og eldre";1850
"2337";"4648";"0-15";499
"2338";"4648";"16-24";373
"2339";"4648";"25-34";308
"2340";"4648";"35-44";325
"2341";"4648";"45-54";460
"2342";"4648";"55-64";497
"2343";"4648";"65-74";436
"2344";"4648";"75 og eldre";494
"2345";"4649";"0-15";1779
"2346";"4649";"16-24";1045
"2347";"4649";"25-34";1080
"2348";"4649";"35-44";1090
"2349";"4649";"45-54";1170
"2350";"4649";"55-64";1254
"2351";"4649";"65-74";1163
"2352";"4649";"75 og eldre";1029
"2353";"4650";"0-15";1105
"2354";"4650";"16-24";695
"2355";"4650";"25-34";570
"2356";"4650";"35-44";676
"2357";"4650";"45-54";740
"2358";"4650";"55-64";741
"2359";"4650";"65-74";729
"2360";"4650";"75 og eldre";670
"2361";"4651";"0-15";1332
"2362";"4651";"16-24";814
"2363";"4651";"25-34";827
"2364";"4651";"35-44";886
"2365";"4651";"45-54";941
"2366";"4651";"55-64";969
"2367";"4651";"65-74";763
"2368";"4651";"75 og eldre";739
"2369";"5001";"0-15";35731
"2370";"5001";"16-24";28097
"2371";"5001";"25-34";38256
"2372";"5001";"35-44";29531
"2373";"5001";"45-54";26401
"2374";"5001";"55-64";23053
"2375";"5001";"65-74";18138
"2376";"5001";"75 og eldre";15358
"2377";"5006";"0-15";4127
"2378";"5006";"16-24";2489
"2379";"5006";"25-34";2804
"2380";"5006";"35-44";2669
"2381";"5006";"45-54";2927
"2382";"5006";"55-64";3306
"2383";"5006";"65-74";2949
"2384";"5006";"75 og eldre";2761
"2385";"5007";"0-15";2598
"2386";"5007";"16-24";1733
"2387";"5007";"25-34";1790
"2388";"5007";"35-44";1670
"2389";"5007";"45-54";1871
"2390";"5007";"55-64";2048
"2391";"5007";"65-74";1768
"2392";"5007";"75 og eldre";1605
"2393";"5014";"0-15";954
"2394";"5014";"16-24";498
"2395";"5014";"25-34";896
"2396";"5014";"35-44";793
"2397";"5014";"45-54";710
"2398";"5014";"55-64";657
"2399";"5014";"65-74";519
"2400";"5014";"75 og eldre";426
"2401";"5020";"0-15";128
"2402";"5020";"16-24";77
"2403";"5020";"25-34";84
"2404";"5020";"35-44";89
"2405";"5020";"45-54";100
"2406";"5020";"55-64";128
"2407";"5020";"65-74";148
"2408";"5020";"75 og eldre";144
"2409";"5021";"0-15";1385
"2410";"5021";"16-24";743
"2411";"5021";"25-34";825
"2412";"5021";"35-44";869
"2413";"5021";"45-54";928
"2414";"5021";"55-64";986
"2415";"5021";"65-74";836
"2416";"5021";"75 og eldre";817
"2417";"5022";"0-15";399
"2418";"5022";"16-24";241
"2419";"5022";"25-34";254
"2420";"5022";"35-44";222
"2421";"5022";"45-54";320
"2422";"5022";"55-64";363
"2423";"5022";"65-74";343
"2424";"5022";"75 og eldre";342
"2425";"5025";"0-15";879
"2426";"5025";"16-24";524
"2427";"5025";"25-34";633
"2428";"5025";"35-44";632
"2429";"5025";"45-54";706
"2430";"5025";"55-64";807
"2431";"5025";"65-74";807
"2432";"5025";"75 og eldre";697
"2433";"5026";"0-15";305
"2434";"5026";"16-24";188
"2435";"5026";"25-34";240
"2436";"5026";"35-44";188
"2437";"5026";"45-54";247
"2438";"5026";"55-64";294
"2439";"5026";"65-74";274
"2440";"5026";"75 og eldre";299
"2441";"5027";"0-15";1135
"2442";"5027";"16-24";599
"2443";"5027";"25-34";741
"2444";"5027";"35-44";749
"2445";"5027";"45-54";759
"2446";"5027";"55-64";850
"2447";"5027";"65-74";652
"2448";"5027";"75 og eldre";655
"2449";"5028";"0-15";3409
"2450";"5028";"16-24";1941
"2451";"5028";"25-34";2218
"2452";"5028";"35-44";2323
"2453";"5028";"45-54";2376
"2454";"5028";"55-64";2082
"2455";"5028";"65-74";1644
"2456";"5028";"75 og eldre";1567
"2457";"5029";"0-15";1865
"2458";"5029";"16-24";852
"2459";"5029";"25-34";1030
"2460";"5029";"35-44";1178
"2461";"5029";"45-54";1178
"2462";"5029";"55-64";1011
"2463";"5029";"65-74";752
"2464";"5029";"75 og eldre";618
"2465";"5031";"0-15";3099
"2466";"5031";"16-24";1595
"2467";"5031";"25-34";1679
"2468";"5031";"35-44";2167
"2469";"5031";"45-54";2159
"2470";"5031";"55-64";1817
"2471";"5031";"65-74";1212
"2472";"5031";"75 og eldre";1055
"2473";"5032";"0-15";695
"2474";"5032";"16-24";441
"2475";"5032";"25-34";427
"2476";"5032";"35-44";510
"2477";"5032";"45-54";545
"2478";"5032";"55-64";576
"2479";"5032";"65-74";511
"2480";"5032";"75 og eldre";511
"2481";"5033";"0-15";109
"2482";"5033";"16-24";59
"2483";"5033";"25-34";73
"2484";"5033";"35-44";82
"2485";"5033";"45-54";72
"2486";"5033";"55-64";139
"2487";"5033";"65-74";115
"2488";"5033";"75 og eldre";124
"2489";"5034";"0-15";398
"2490";"5034";"16-24";215
"2491";"5034";"25-34";264
"2492";"5034";"35-44";267
"2493";"5034";"45-54";320
"2494";"5034";"55-64";353
"2495";"5034";"65-74";342
"2496";"5034";"75 og eldre";295
"2497";"5035";"0-15";4557
"2498";"5035";"16-24";2783
"2499";"5035";"25-34";2810
"2500";"5035";"35-44";3040
"2501";"5035";"45-54";3391
"2502";"5035";"55-64";3181
"2503";"5035";"65-74";2596
"2504";"5035";"75 og eldre";2359
"2505";"5036";"0-15";445
"2506";"5036";"16-24";267
"2507";"5036";"25-34";275
"2508";"5036";"35-44";292
"2509";"5036";"45-54";327
"2510";"5036";"55-64";385
"2511";"5036";"65-74";329
"2512";"5036";"75 og eldre";325
"2513";"5037";"0-15";3804
"2514";"5037";"16-24";2434
"2515";"5037";"25-34";2471
"2516";"5037";"35-44";2454
"2517";"5037";"45-54";2440
"2518";"5037";"55-64";2652
"2519";"5037";"65-74";2290
"2520";"5037";"75 og eldre";2029
"2521";"5038";"0-15";2597
"2522";"5038";"16-24";1663
"2523";"5038";"25-34";1863
"2524";"5038";"35-44";1738
"2525";"5038";"45-54";2006
"2526";"5038";"55-64";1948
"2527";"5038";"65-74";1801
"2528";"5038";"75 og eldre";1577
"2529";"5041";"0-15";360
"2530";"5041";"16-24";231
"2531";"5041";"25-34";215
"2532";"5041";"35-44";228
"2533";"5041";"45-54";226
"2534";"5041";"55-64";322
"2535";"5041";"65-74";254
"2536";"5041";"75 og eldre";278
"2537";"5042";"0-15";179
"2538";"5042";"16-24";154
"2539";"5042";"25-34";99
"2540";"5042";"35-44";125
"2541";"5042";"45-54";184
"2542";"5042";"55-64";184
"2543";"5042";"65-74";191
"2544";"5042";"75 og eldre";185
"2545";"5043";"0-15";62
"2546";"5043";"16-24";42
"2547";"5043";"25-34";36
"2548";"5043";"35-44";43
"2549";"5043";"45-54";49
"2550";"5043";"55-64";53
"2551";"5043";"65-74";77
"2552";"5043";"75 og eldre";61
"2553";"5044";"0-15";118
"2554";"5044";"16-24";74
"2555";"5044";"25-34";70
"2556";"5044";"35-44";79
"2557";"5044";"45-54";103
"2558";"5044";"55-64";135
"2559";"5044";"65-74";104
"2560";"5044";"75 og eldre";127
"2561";"5045";"0-15";410
"2562";"5045";"16-24";222
"2563";"5045";"25-34";229
"2564";"5045";"35-44";253
"2565";"5045";"45-54";279
"2566";"5045";"55-64";327
"2567";"5045";"65-74";303
"2568";"5045";"75 og eldre";299
"2569";"5046";"0-15";202
"2570";"5046";"16-24";156
"2571";"5046";"25-34";85
"2572";"5046";"35-44";127
"2573";"5046";"45-54";174
"2574";"5046";"55-64";147
"2575";"5046";"65-74";168
"2576";"5046";"75 og eldre";163
"2577";"5047";"0-15";826
"2578";"5047";"16-24";390
"2579";"5047";"25-34";485
"2580";"5047";"35-44";510
"2581";"5047";"45-54";475
"2582";"5047";"55-64";482
"2583";"5047";"65-74";417
"2584";"5047";"75 og eldre";339
"2585";"5049";"0-15";170
"2586";"5049";"16-24";93
"2587";"5049";"25-34";129
"2588";"5049";"35-44";115
"2589";"5049";"45-54";117
"2590";"5049";"55-64";172
"2591";"5049";"65-74";179
"2592";"5049";"75 og eldre";141
"2593";"5052";"0-15";98
"2594";"5052";"16-24";47
"2595";"5052";"25-34";68
"2596";"5052";"35-44";53
"2597";"5052";"45-54";64
"2598";"5052";"55-64";91
"2599";"5052";"65-74";90
"2600";"5052";"75 og eldre";93
"2601";"5053";"0-15";1274
"2602";"5053";"16-24";736
"2603";"5053";"25-34";728
"2604";"5053";"35-44";818
"2605";"5053";"45-54";825
"2606";"5053";"55-64";947
"2607";"5053";"65-74";868
"2608";"5053";"75 og eldre";742
"2609";"5054";"0-15";1693
"2610";"5054";"16-24";1076
"2611";"5054";"25-34";1012
"2612";"5054";"35-44";1031
"2613";"5054";"45-54";1359
"2614";"5054";"55-64";1373
"2615";"5054";"65-74";1246
"2616";"5054";"75 og eldre";1233
"2617";"5055";"0-15";1014
"2618";"5055";"16-24";629
"2619";"5055";"25-34";641
"2620";"5055";"35-44";673
"2621";"5055";"45-54";740
"2622";"5055";"55-64";833
"2623";"5055";"65-74";771
"2624";"5055";"75 og eldre";792
"2625";"5056";"0-15";863
"2626";"5056";"16-24";517
"2627";"5056";"25-34";756
"2628";"5056";"35-44";691
"2629";"5056";"45-54";714
"2630";"5056";"55-64";693
"2631";"5056";"65-74";537
"2632";"5056";"75 og eldre";552
"2633";"5057";"0-15";1902
"2634";"5057";"16-24";1084
"2635";"5057";"25-34";1400
"2636";"5057";"35-44";1169
"2637";"5057";"45-54";1226
"2638";"5057";"55-64";1414
"2639";"5057";"65-74";1182
"2640";"5057";"75 og eldre";1145
"2641";"5058";"0-15";722
"2642";"5058";"16-24";405
"2643";"5058";"25-34";552
"2644";"5058";"35-44";359
"2645";"5058";"45-54";554
"2646";"5058";"55-64";643
"2647";"5058";"65-74";565
"2648";"5058";"75 og eldre";539
"2649";"5059";"0-15";3276
"2650";"5059";"16-24";1898
"2651";"5059";"25-34";2116
"2652";"5059";"35-44";2362
"2653";"5059";"45-54";2311
"2654";"5059";"55-64";2559
"2655";"5059";"65-74";2266
"2656";"5059";"75 og eldre";2005
"2657";"5060";"0-15";1957
"2658";"5060";"16-24";1052
"2659";"5060";"25-34";1265
"2660";"5060";"35-44";1201
"2661";"5060";"45-54";1258
"2662";"5060";"55-64";1280
"2663";"5060";"65-74";1006
"2664";"5060";"75 og eldre";949
"2665";"5061";"0-15";320
"2666";"5061";"16-24";214
"2667";"5061";"25-34";185
"2668";"5061";"35-44";206
"2669";"5061";"45-54";249
"2670";"5061";"55-64";273
"2671";"5061";"65-74";243
"2672";"5061";"75 og eldre";268
"2673";"5501";"0-15";13181
"2674";"5501";"16-24";9232
"2675";"5501";"25-34";13772
"2676";"5501";"35-44";10822
"2677";"5501";"45-54";10329
"2678";"5501";"55-64";9291
"2679";"5501";"65-74";6836
"2680";"5501";"75 og eldre";5282
"2681";"5503";"0-15";4254
"2682";"5503";"16-24";2612
"2683";"5503";"25-34";3340
"2684";"5503";"35-44";3018
"2685";"5503";"45-54";3197
"2686";"5503";"55-64";3116
"2687";"5503";"65-74";2907
"2688";"5503";"75 og eldre";2612
"2689";"5510";"0-15";442
"2690";"5510";"16-24";280
"2691";"5510";"25-34";304
"2692";"5510";"35-44";308
"2693";"5510";"45-54";380
"2694";"5510";"55-64";413
"2695";"5510";"65-74";382
"2696";"5510";"75 og eldre";336
"2697";"5512";"0-15";641
"2698";"5512";"16-24";398
"2699";"5512";"25-34";437
"2700";"5512";"35-44";439
"2701";"5512";"45-54";539
"2702";"5512";"55-64";604
"2703";"5512";"65-74";632
"2704";"5512";"75 og eldre";591
"2705";"5514";"0-15";148
"2706";"5514";"16-24";125
"2707";"5514";"25-34";119
"2708";"5514";"35-44";123
"2709";"5514";"45-54";135
"2710";"5514";"55-64";224
"2711";"5514";"65-74";207
"2712";"5514";"75 og eldre";230
"2713";"5516";"0-15";146
"2714";"5516";"16-24";103
"2715";"5516";"25-34";99
"2716";"5516";"35-44";108
"2717";"5516";"45-54";147
"2718";"5516";"55-64";178
"2719";"5516";"65-74";138
"2720";"5516";"75 og eldre";151
"2721";"5518";"0-15";171
"2722";"5518";"16-24";99
"2723";"5518";"25-34";76
"2724";"5518";"35-44";85
"2725";"5518";"45-54";142
"2726";"5518";"55-64";143
"2727";"5518";"65-74";125
"2728";"5518";"75 og eldre";145
"2729";"5520";"0-15";631
"2730";"5520";"16-24";580
"2731";"5520";"25-34";567
"2732";"5520";"35-44";450
"2733";"5520";"45-54";479
"2734";"5520";"55-64";431
"2735";"5520";"65-74";426
"2736";"5520";"75 og eldre";422
"2737";"5522";"0-15";305
"2738";"5522";"16-24";242
"2739";"5522";"25-34";214
"2740";"5522";"35-44";181
"2741";"5522";"45-54";286
"2742";"5522";"55-64";303
"2743";"5522";"65-74";257
"2744";"5522";"75 og eldre";281
"2745";"5524";"0-15";1077
"2746";"5524";"16-24";863
"2747";"5524";"25-34";955
"2748";"5524";"35-44";714
"2749";"5524";"45-54";833
"2750";"5524";"55-64";824
"2751";"5524";"65-74";765
"2752";"5524";"75 og eldre";683
"2753";"5526";"0-15";605
"2754";"5526";"16-24";376
"2755";"5526";"25-34";429
"2756";"5526";"35-44";388
"2757";"5526";"45-54";458
"2758";"5526";"55-64";455
"2759";"5526";"65-74";399
"2760";"5526";"75 og eldre";375
"2761";"5528";"0-15";138
"2762";"5528";"16-24";106
"2763";"5528";"25-34";105
"2764";"5528";"35-44";96
"2765";"5528";"45-54";133
"2766";"5528";"55-64";162
"2767";"5528";"65-74";178
"2768";"5528";"75 og eldre";155
"2769";"5530";"0-15";2519
"2770";"5530";"16-24";1605
"2771";"5530";"25-34";1716
"2772";"5530";"35-44";1734
"2773";"5530";"45-54";1905
"2774";"5530";"55-64";2066
"2775";"5530";"65-74";1747
"2776";"5530";"75 og eldre";1602
"2777";"5532";"0-15";810
"2778";"5532";"16-24";571
"2779";"5532";"25-34";636
"2780";"5532";"35-44";577
"2781";"5532";"45-54";762
"2782";"5532";"55-64";820
"2783";"5532";"65-74";668
"2784";"5532";"75 og eldre";727
"2785";"5534";"0-15";288
"2786";"5534";"16-24";186
"2787";"5534";"25-34";240
"2788";"5534";"35-44";226
"2789";"5534";"45-54";268
"2790";"5534";"55-64";369
"2791";"5534";"65-74";332
"2792";"5534";"75 og eldre";328
"2793";"5536";"0-15";360
"2794";"5536";"16-24";290
"2795";"5536";"25-34";259
"2796";"5536";"35-44";262
"2797";"5536";"45-54";375
"2798";"5536";"55-64";384
"2799";"5536";"65-74";393
"2800";"5536";"75 og eldre";420
"2801";"5538";"0-15";243
"2802";"5538";"16-24";191
"2803";"5538";"25-34";194
"2804";"5538";"35-44";170
"2805";"5538";"45-54";259
"2806";"5538";"55-64";241
"2807";"5538";"65-74";298
"2808";"5538";"75 og eldre";229
"2809";"5540";"0-15";255
"2810";"5540";"16-24";190
"2811";"5540";"25-34";198
"2812";"5540";"35-44";201
"2813";"5540";"45-54";243
"2814";"5540";"55-64";284
"2815";"5540";"65-74";307
"2816";"5540";"75 og eldre";296
"2817";"5542";"0-15";477
"2818";"5542";"16-24";264
"2819";"5542";"25-34";365
"2820";"5542";"35-44";359
"2821";"5542";"45-54";361
"2822";"5542";"55-64";345
"2823";"5542";"65-74";291
"2824";"5542";"75 og eldre";332
"2825";"5544";"0-15";788
"2826";"5544";"16-24";538
"2827";"5544";"25-34";573
"2828";"5544";"35-44";513
"2829";"5544";"45-54";643
"2830";"5544";"55-64";631
"2831";"5544";"65-74";583
"2832";"5544";"75 og eldre";525
"2833";"5546";"0-15";158
"2834";"5546";"16-24";106
"2835";"5546";"25-34";128
"2836";"5546";"35-44";102
"2837";"5546";"45-54";146
"2838";"5546";"55-64";192
"2839";"5546";"65-74";157
"2840";"5546";"75 og eldre";168
"2841";"5601";"0-15";4302
"2842";"5601";"16-24";2734
"2843";"5601";"25-34";3278
"2844";"5601";"35-44";2651
"2845";"5601";"45-54";2793
"2846";"5601";"55-64";2581
"2847";"5601";"65-74";1876
"2848";"5601";"75 og eldre";1493
"2849";"5603";"0-15";1921
"2850";"5603";"16-24";1213
"2851";"5603";"25-34";1788
"2852";"5603";"35-44";1376
"2853";"5603";"45-54";1516
"2854";"5603";"55-64";1486
"2855";"5603";"65-74";1072
"2856";"5603";"75 og eldre";966
"2857";"5605";"0-15";1564
"2858";"5605";"16-24";1087
"2859";"5605";"25-34";1452
"2860";"5605";"35-44";1163
"2861";"5605";"45-54";1379
"2862";"5605";"55-64";1393
"2863";"5605";"65-74";1091
"2864";"5605";"75 og eldre";934
"2865";"5607";"0-15";889
"2866";"5607";"16-24";654
"2867";"5607";"25-34";771
"2868";"5607";"35-44";619
"2869";"5607";"45-54";808
"2870";"5607";"55-64";851
"2871";"5607";"65-74";613
"2872";"5607";"75 og eldre";602
"2873";"5610";"0-15";367
"2874";"5610";"16-24";292
"2875";"5610";"25-34";350
"2876";"5610";"35-44";263
"2877";"5610";"45-54";329
"2878";"5610";"55-64";404
"2879";"5610";"65-74";330
"2880";"5610";"75 og eldre";230
"2881";"5612";"0-15";527
"2882";"5612";"16-24";284
"2883";"5612";"25-34";335
"2884";"5612";"35-44";369
"2885";"5612";"45-54";381
"2886";"5612";"55-64";376
"2887";"5612";"65-74";329
"2888";"5612";"75 og eldre";247
"2889";"5614";"0-15";92
"2890";"5614";"16-24";66
"2891";"5614";"25-34";111
"2892";"5614";"35-44";83
"2893";"5614";"45-54";123
"2894";"5614";"55-64";131
"2895";"5614";"65-74";124
"2896";"5614";"75 og eldre";134
"2897";"5616";"0-15";139
"2898";"5616";"16-24";76
"2899";"5616";"25-34";124
"2900";"5616";"35-44";127
"2901";"5616";"45-54";147
"2902";"5616";"55-64";143
"2903";"5616";"65-74";115
"2904";"5616";"75 og eldre";108
"2905";"5618";"0-15";135
"2906";"5618";"16-24";86
"2907";"5618";"25-34";118
"2908";"5618";"35-44";147
"2909";"5618";"45-54";159
"2910";"5618";"55-64";165
"2911";"5618";"65-74";150
"2912";"5618";"75 og eldre";153
"2913";"5620";"0-15";364
"2914";"5620";"16-24";289
"2915";"5620";"25-34";419
"2916";"5620";"35-44";321
"2917";"5620";"45-54";384
"2918";"5620";"55-64";495
"2919";"5620";"65-74";372
"2920";"5620";"75 og eldre";307
"2921";"5622";"0-15";551
"2922";"5622";"16-24";413
"2923";"5622";"25-34";446
"2924";"5622";"35-44";411
"2925";"5622";"45-54";499
"2926";"5622";"55-64";616
"2927";"5622";"65-74";548
"2928";"5622";"75 og eldre";405
"2929";"5624";"0-15";152
"2930";"5624";"16-24";129
"2931";"5624";"25-34";150
"2932";"5624";"35-44";139
"2933";"5624";"45-54";160
"2934";"5624";"55-64";202
"2935";"5624";"65-74";157
"2936";"5624";"75 og eldre";126
"2937";"5626";"0-15";140
"2938";"5626";"16-24";77
"2939";"5626";"25-34";154
"2940";"5626";"35-44";137
"2941";"5626";"45-54";169
"2942";"5626";"55-64";151
"2943";"5626";"65-74";129
"2944";"5626";"75 og eldre";113
"2945";"5628";"0-15";410
"2946";"5628";"16-24";269
"2947";"5628";"25-34";316
"2948";"5628";"35-44";296
"2949";"5628";"45-54";427
"2950";"5628";"55-64";406
"2951";"5628";"65-74";374
"2952";"5628";"75 og eldre";309
"2953";"5630";"0-15";103
"2954";"5630";"16-24";71
"2955";"5630";"25-34";127
"2956";"5630";"35-44";94
"2957";"5630";"45-54";121
"2958";"5630";"55-64";148
"2959";"5630";"65-74";127
"2960";"5630";"75 og eldre";101
"2961";"5632";"0-15";309
"2962";"5632";"16-24";221
"2963";"5632";"25-34";312
"2964";"5632";"35-44";270
"2965";"5632";"45-54";293
"2966";"5632";"55-64";312
"2967";"5632";"65-74";223
"2968";"5632";"75 og eldre";173
"2969";"5634";"0-15";248
"2970";"5634";"16-24";177
"2971";"5634";"25-34";244
"2972";"5634";"35-44";212
"2973";"5634";"45-54";271
"2974";"5634";"55-64";308
"2975";"5634";"65-74";289
"2976";"5634";"75 og eldre";223
"2977";"5636";"0-15";123
"2978";"5636";"16-24";49
"2979";"5636";"25-34";88
"2980";"5636";"35-44";111
"2981";"5636";"45-54";114
"2982";"5636";"55-64";115
"2983";"5636";"65-74";132
"2984";"5636";"75 og eldre";127
